date,channel,ad_spend,impressions,clicks,conversions,revenue,ctr,conversion_rate,cpc,cpa,roas,month
2025-01-01,Google Ads,152,4600,148,10,520.54,3.22,6.76,1.03,15.2,3.42,2025-01
2025-01-01,Meta Ads,485,7783,616,12,832.88,7.91,1.95,0.79,40.42,1.72,2025-01
2025-01-01,TikTok Ads,398,14226,625,51,4511.74,4.39,8.16,0.64,7.8,11.34,2025-01
2025-01-01,Email,320,10146,188,3,98.92,1.85,1.6,1.7,106.67,0.31,2025-01
2025-01-02,Google Ads,156,5971,362,26,1556.32,6.06,7.18,0.43,6.0,9.98,2025-01
2025-01-02,Meta Ads,121,14490,472,22,1736.83,3.26,4.66,0.26,5.5,14.35,2025-01
2025-01-02,TikTok Ads,238,18589,1483,83,5275.18,7.98,5.6,0.16,2.87,22.16,2025-01
2025-01-02,Email,70,13951,1096,100,4636.44,7.86,9.12,0.06,0.7,66.23,2025-01
2025-01-03,Google Ads,152,13312,744,67,7863.22,5.59,9.01,0.2,2.27,51.73,2025-01
2025-01-03,Meta Ads,171,2990,57,4,510.31,1.91,7.02,3.0,42.75,2.98,2025-01
2025-01-03,TikTok Ads,264,6299,365,20,1217.95,5.79,5.48,0.72,13.2,4.61,2025-01
2025-01-03,Email,380,13997,231,17,2089.82,1.65,7.36,1.65,22.35,5.5,2025-01
2025-01-04,Google Ads,137,14472,174,9,686.4,1.2,5.17,0.79,15.22,5.01,2025-01
2025-01-04,Meta Ads,422,5380,363,32,2905.67,6.75,8.82,1.16,13.19,6.89,2025-01
2025-01-04,TikTok Ads,149,5757,142,6,796.32,2.47,4.23,1.05,24.83,5.34,2025-01
2025-01-04,Email,409,11395,416,40,4799.78,3.65,9.62,0.98,10.22,11.74,2025-01
2025-01-05,Google Ads,201,17241,1347,126,15953.37,7.81,9.35,0.15,1.6,79.37,2025-01
2025-01-05,Meta Ads,180,6588,221,16,742.74,3.35,7.24,0.81,11.25,4.13,2025-01
2025-01-05,TikTok Ads,199,18350,564,19,728.96,3.07,3.37,0.35,10.47,3.66,2025-01
2025-01-05,Email,358,5944,441,9,1234.88,7.42,2.04,0.81,39.78,3.45,2025-01
2025-01-06,Google Ads,307,14395,255,22,1683.88,1.77,8.63,1.2,13.95,5.48,2025-01
2025-01-06,Meta Ads,393,18072,1141,28,1807.28,6.31,2.45,0.34,14.04,4.6,2025-01
2025-01-06,TikTok Ads,463,5243,415,36,4210.69,7.92,8.67,1.12,12.86,9.09,2025-01
2025-01-06,Email,343,10916,797,43,5605.9,7.3,5.4,0.43,7.98,16.34,2025-01
2025-01-07,Google Ads,435,10984,610,28,3737.97,5.55,4.59,0.71,15.54,8.59,2025-01
2025-01-07,Meta Ads,241,2759,88,8,543.36,3.19,9.09,2.74,30.12,2.25,2025-01
2025-01-07,TikTok Ads,493,10181,283,18,2380.78,2.78,6.36,1.74,27.39,4.83,2025-01
2025-01-07,Email,326,3482,234,14,488.77,6.72,5.98,1.39,23.29,1.5,2025-01
2025-01-08,Google Ads,210,1951,139,8,287.68,7.12,5.76,1.51,26.25,1.37,2025-01
2025-01-08,Meta Ads,363,3079,144,6,628.93,4.68,4.17,2.52,60.5,1.73,2025-01
2025-01-08,TikTok Ads,71,3717,100,8,300.58,2.69,8.0,0.71,8.88,4.23,2025-01
2025-01-08,Email,302,10692,191,6,413.72,1.79,3.14,1.58,50.33,1.37,2025-01
2025-01-09,Google Ads,285,8311,133,12,1328.77,1.6,9.02,2.14,23.75,4.66,2025-01
2025-01-09,Meta Ads,394,19449,1173,106,7470.03,6.03,9.04,0.34,3.72,18.96,2025-01
2025-01-09,TikTok Ads,98,1768,69,2,103.1,3.9,2.9,1.42,49.0,1.05,2025-01
2025-01-09,Email,108,6490,476,36,2295.43,7.33,7.56,0.23,3.0,21.25,2025-01
2025-01-10,Google Ads,219,16534,1021,62,5264.36,6.18,6.07,0.21,3.53,24.04,2025-01
2025-01-10,Meta Ads,237,7645,178,7,609.32,2.33,3.93,1.33,33.86,2.57,2025-01
2025-01-10,TikTok Ads,320,6232,330,32,3966.72,5.3,9.7,0.97,10.0,12.4,2025-01
2025-01-10,Email,239,12485,505,6,720.11,4.04,1.19,0.47,39.83,3.01,2025-01
2025-01-11,Google Ads,495,6797,342,11,933.0,5.03,3.22,1.45,45.0,1.88,2025-01
2025-01-11,Meta Ads,224,13342,822,46,6048.08,6.16,5.6,0.27,4.87,27.0,2025-01
2025-01-11,TikTok Ads,495,9038,600,34,1486.09,6.64,5.67,0.82,14.56,3.0,2025-01
2025-01-11,Email,100,17002,1174,73,4426.9,6.91,6.22,0.09,1.37,44.27,2025-01
2025-01-12,Google Ads,413,14087,391,30,3880.72,2.78,7.67,1.06,13.77,9.4,2025-01
2025-01-12,Meta Ads,104,5873,71,4,301.44,1.21,5.63,1.46,26.0,2.9,2025-01
2025-01-12,TikTok Ads,293,2481,153,9,1329.68,6.17,5.88,1.92,32.56,4.54,2025-01
2025-01-12,Email,369,11093,193,2,171.9,1.74,1.04,1.91,184.5,0.47,2025-01
2025-01-13,Google Ads,180,15422,494,21,2625.68,3.2,4.25,0.36,8.57,14.59,2025-01
2025-01-13,Meta Ads,356,17438,179,5,391.38,1.03,2.79,1.99,71.2,1.1,2025-01
2025-01-13,TikTok Ads,184,8643,498,16,1295.91,5.76,3.21,0.37,11.5,7.04,2025-01
2025-01-13,Email,70,16708,362,21,1594.87,2.17,5.8,0.19,3.33,22.78,2025-01
2025-01-14,Google Ads,378,12271,685,19,2209.49,5.58,2.77,0.55,19.89,5.85,2025-01
2025-01-14,Meta Ads,216,18216,1446,52,4976.51,7.94,3.6,0.15,4.15,23.04,2025-01
2025-01-14,TikTok Ads,323,13600,205,6,859.52,1.51,2.93,1.58,53.83,2.66,2025-01
2025-01-14,Email,437,11998,184,17,1021.82,1.53,9.24,2.38,25.71,2.34,2025-01
2025-01-15,Google Ads,138,15295,517,49,2061.31,3.38,9.48,0.27,2.82,14.94,2025-01
2025-01-15,Meta Ads,365,11682,825,53,4091.14,7.06,6.42,0.44,6.89,11.21,2025-01
2025-01-15,TikTok Ads,63,17380,436,40,4160.22,2.51,9.17,0.14,1.58,66.04,2025-01
2025-01-15,Email,291,9519,335,27,3598.99,3.52,8.06,0.87,10.78,12.37,2025-01
2025-01-16,Google Ads,314,4300,63,3,214.63,1.47,4.76,4.98,104.67,0.68,2025-01
2025-01-16,Meta Ads,395,7722,489,5,542.27,6.33,1.02,0.81,79.0,1.37,2025-01
2025-01-16,TikTok Ads,102,8218,317,25,1800.6,3.86,7.89,0.32,4.08,17.65,2025-01
2025-01-16,Email,435,4054,255,18,1873.19,6.29,7.06,1.71,24.17,4.31,2025-01
2025-01-17,Google Ads,389,14575,1067,69,9396.21,7.32,6.47,0.36,5.64,24.15,2025-01
2025-01-17,Meta Ads,141,8970,235,18,1039.73,2.62,7.66,0.6,7.83,7.37,2025-01
2025-01-17,TikTok Ads,416,3143,209,11,863.6,6.65,5.26,1.99,37.82,2.08,2025-01
2025-01-17,Email,493,10503,148,10,1491.92,1.41,6.76,3.33,49.3,3.03,2025-01
2025-01-18,Google Ads,477,16149,1177,110,14764.95,7.29,9.35,0.41,4.34,30.95,2025-01
2025-01-18,Meta Ads,313,19922,1106,48,4692.33,5.55,4.34,0.28,6.52,14.99,2025-01
2025-01-18,TikTok Ads,480,13175,938,69,6347.68,7.12,7.36,0.51,6.96,13.22,2025-01
2025-01-18,Email,84,9356,93,4,256.61,0.99,4.3,0.9,21.0,3.05,2025-01
2025-01-19,Google Ads,255,16070,350,24,2209.56,2.18,6.86,0.73,10.62,8.66,2025-01
2025-01-19,Meta Ads,130,1822,67,5,658.91,3.68,7.46,1.94,26.0,5.07,2025-01
2025-01-19,TikTok Ads,469,18327,670,9,1009.99,3.66,1.34,0.7,52.11,2.15,2025-01
2025-01-19,Email,99,15289,395,26,1684.94,2.58,6.58,0.25,3.81,17.02,2025-01
2025-01-20,Google Ads,409,7150,262,7,379.23,3.66,2.67,1.56,58.43,0.93,2025-01
2025-01-20,Meta Ads,437,5425,103,7,432.78,1.9,6.8,4.24,62.43,0.99,2025-01
2025-01-20,TikTok Ads,51,17032,662,34,1712.62,3.89,5.14,0.08,1.5,33.58,2025-01
2025-01-20,Email,439,3198,211,16,663.63,6.6,7.58,2.08,27.44,1.51,2025-01
2025-01-21,Google Ads,103,4452,193,4,321.19,4.34,2.07,0.53,25.75,3.12,2025-01
2025-01-21,Meta Ads,155,10106,113,7,305.17,1.12,6.19,1.37,22.14,1.97,2025-01
2025-01-21,TikTok Ads,309,14859,586,20,1012.59,3.94,3.41,0.53,15.45,3.28,2025-01
2025-01-21,Email,359,18692,222,19,1817.9,1.19,8.56,1.62,18.89,5.06,2025-01
2025-01-22,Google Ads,240,9705,753,70,3482.63,7.76,9.3,0.32,3.43,14.51,2025-01
2025-01-22,Meta Ads,451,11112,210,20,753.31,1.89,9.52,2.15,22.55,1.67,2025-01
2025-01-22,TikTok Ads,267,5841,347,28,1906.43,5.94,8.07,0.77,9.54,7.14,2025-01
2025-01-22,Email,93,16358,1277,99,5587.39,7.81,7.75,0.07,0.94,60.08,2025-01
2025-01-23,Google Ads,211,2409,163,4,367.35,6.77,2.45,1.29,52.75,1.74,2025-01
2025-01-23,Meta Ads,251,5566,328,13,549.69,5.89,3.96,0.77,19.31,2.19,2025-01
2025-01-23,TikTok Ads,495,12382,851,44,5289.35,6.87,5.17,0.58,11.25,10.69,2025-01
2025-01-23,Email,319,18939,1490,118,16372.27,7.87,7.92,0.21,2.7,51.32,2025-01
2025-01-24,Google Ads,400,15596,834,77,9179.34,5.35,9.23,0.48,5.19,22.95,2025-01
2025-01-24,Meta Ads,353,1804,88,2,187.88,4.88,2.27,4.01,176.5,0.53,2025-01
2025-01-24,TikTok Ads,320,14221,767,71,9462.89,5.39,9.26,0.42,4.51,29.57,2025-01
2025-01-24,Email,264,2279,107,7,793.73,4.7,6.54,2.47,37.71,3.01,2025-01
2025-01-25,Google Ads,301,14192,772,50,1563.31,5.44,6.48,0.39,6.02,5.19,2025-01
2025-01-25,Meta Ads,239,8083,335,9,695.62,4.14,2.69,0.71,26.56,2.91,2025-01
2025-01-25,TikTok Ads,345,12093,305,4,528.46,2.52,1.31,1.13,86.25,1.53,2025-01
2025-01-25,Email,262,18771,345,21,1501.56,1.84,6.09,0.76,12.48,5.73,2025-01
2025-01-26,Google Ads,257,13880,205,14,479.16,1.48,6.83,1.25,18.36,1.86,2025-01
2025-01-26,Meta Ads,286,16517,469,13,1554.04,2.84,2.77,0.61,22.0,5.43,2025-01
2025-01-26,TikTok Ads,387,3106,41,2,252.49,1.32,4.88,9.44,193.5,0.65,2025-01
2025-01-26,Email,416,17086,849,73,3596.8,4.97,8.6,0.49,5.7,8.65,2025-01
2025-01-27,Google Ads,102,5831,174,14,1322.73,2.98,8.05,0.59,7.29,12.97,2025-01
2025-01-27,Meta Ads,329,4186,283,26,1378.9,6.76,9.19,1.16,12.65,4.19,2025-01
2025-01-27,TikTok Ads,459,3573,54,2,232.62,1.51,3.7,8.5,229.5,0.51,2025-01
2025-01-27,Email,266,13808,356,13,813.62,2.58,3.65,0.75,20.46,3.06,2025-01
2025-01-28,Google Ads,301,3599,219,16,1087.13,6.09,7.31,1.37,18.81,3.61,2025-01
2025-01-28,Meta Ads,237,5033,261,12,1576.76,5.19,4.6,0.91,19.75,6.65,2025-01
2025-01-28,TikTok Ads,429,9428,136,2,174.32,1.44,1.47,3.15,214.5,0.41,2025-01
2025-01-28,Email,90,2304,164,5,551.85,7.12,3.05,0.55,18.0,6.13,2025-01
2025-01-29,Google Ads,206,18685,1334,63,4931.94,7.14,4.72,0.15,3.27,23.94,2025-01
2025-01-29,Meta Ads,64,19925,660,23,1512.5,3.31,3.48,0.1,2.78,23.63,2025-01
2025-01-29,TikTok Ads,350,19435,657,26,2731.49,3.38,3.96,0.53,13.46,7.8,2025-01
2025-01-29,Email,114,9633,763,27,1311.74,7.92,3.54,0.15,4.22,11.51,2025-01
2025-01-30,Google Ads,394,12372,666,9,672.84,5.38,1.35,0.59,43.78,1.71,2025-01
2025-01-30,Meta Ads,376,9996,471,31,1707.62,4.71,6.58,0.8,12.13,4.54,2025-01
2025-01-30,TikTok Ads,58,17458,1198,76,8625.65,6.86,6.34,0.05,0.76,148.72,2025-01
2025-01-30,Email,393,6475,194,13,1862.97,3.0,6.7,2.03,30.23,4.74,2025-01
2025-01-31,Google Ads,178,8184,327,8,1195.69,4.0,2.45,0.54,22.25,6.72,2025-01
2025-01-31,Meta Ads,185,13875,398,14,1176.47,2.87,3.52,0.46,13.21,6.36,2025-01
2025-01-31,TikTok Ads,112,2622,171,11,663.34,6.52,6.43,0.65,10.18,5.92,2025-01
2025-01-31,Email,188,16988,851,54,4489.53,5.01,6.35,0.22,3.48,23.88,2025-01
2025-02-01,Google Ads,130,9041,507,28,3686.83,5.61,5.52,0.26,4.64,28.36,2025-02
2025-02-01,Meta Ads,441,17725,490,20,1094.41,2.76,4.08,0.9,22.05,2.48,2025-02
2025-02-01,TikTok Ads,212,19458,494,45,6491.32,2.54,9.11,0.43,4.71,30.62,2025-02
2025-02-01,Email,468,8992,397,16,1136.38,4.42,4.03,1.18,29.25,2.43,2025-02
2025-02-02,Google Ads,338,16646,1025,52,7711.41,6.16,5.07,0.33,6.5,22.81,2025-02
2025-02-02,Meta Ads,428,18029,843,59,7707.35,4.68,7.0,0.51,7.25,18.01,2025-02
2025-02-02,TikTok Ads,310,5263,64,3,381.09,1.22,4.69,4.84,103.33,1.23,2025-02
2025-02-02,Email,280,15060,1066,43,2930.39,7.08,4.03,0.26,6.51,10.47,2025-02
2025-02-03,Google Ads,90,16156,234,11,341.59,1.45,4.7,0.38,8.18,3.8,2025-02
2025-02-03,Meta Ads,77,9646,741,60,4551.36,7.68,8.1,0.1,1.28,59.11,2025-02
2025-02-03,TikTok Ads,184,12664,148,5,331.09,1.17,3.38,1.24,36.8,1.8,2025-02
2025-02-03,Email,250,3969,232,5,172.44,5.85,2.16,1.08,50.0,0.69,2025-02
2025-02-04,Google Ads,377,4028,63,2,181.29,1.56,3.17,5.98,188.5,0.48,2025-02
2025-02-04,Meta Ads,317,4629,341,29,2272.55,7.37,8.5,0.93,10.93,7.17,2025-02
2025-02-04,TikTok Ads,467,4067,172,3,318.44,4.23,1.74,2.72,155.67,0.68,2025-02
2025-02-04,Email,82,6941,136,13,1359.05,1.96,9.56,0.6,6.31,16.57,2025-02
2025-02-05,Google Ads,97,18770,635,37,1646.12,3.38,5.83,0.15,2.62,16.97,2025-02
2025-02-05,Meta Ads,456,12555,270,26,3828.13,2.15,9.63,1.69,17.54,8.4,2025-02
2025-02-05,TikTok Ads,111,14081,308,29,1520.52,2.19,9.42,0.36,3.83,13.7,2025-02
2025-02-05,Email,265,7819,597,30,2502.99,7.64,5.03,0.44,8.83,9.45,2025-02
2025-02-06,Google Ads,342,12046,495,13,1151.46,4.11,2.63,0.69,26.31,3.37,2025-02
2025-02-06,Meta Ads,148,18717,1220,30,3827.03,6.52,2.46,0.12,4.93,25.86,2025-02
2025-02-06,TikTok Ads,221,3711,203,6,251.45,5.47,2.96,1.09,36.83,1.14,2025-02
2025-02-06,Email,409,5853,335,24,1954.5,5.72,7.16,1.22,17.04,4.78,2025-02
2025-02-07,Google Ads,263,8715,167,5,527.1,1.92,2.99,1.57,52.6,2.0,2025-02
2025-02-07,Meta Ads,84,9942,262,10,558.19,2.64,3.82,0.32,8.4,6.65,2025-02
2025-02-07,TikTok Ads,498,16507,1074,54,5685.99,6.51,5.03,0.46,9.22,11.42,2025-02
2025-02-07,Email,276,16826,1311,120,16900.77,7.79,9.15,0.21,2.3,61.23,2025-02
2025-02-08,Google Ads,150,2762,78,2,299.4,2.82,2.56,1.92,75.0,2.0,2025-02
2025-02-08,Meta Ads,480,16850,488,5,169.47,2.9,1.02,0.98,96.0,0.35,2025-02
2025-02-08,TikTok Ads,180,13112,565,8,466.16,4.31,1.42,0.32,22.5,2.59,2025-02
2025-02-08,Email,306,13652,1076,98,6589.21,7.88,9.11,0.28,3.12,21.53,2025-02
2025-02-09,Google Ads,54,7122,205,13,1012.64,2.88,6.34,0.26,4.15,18.75,2025-02
2025-02-09,Meta Ads,267,1481,57,1,59.07,3.85,1.75,4.68,267.0,0.22,2025-02
2025-02-09,TikTok Ads,304,15536,1124,29,1578.14,7.23,2.58,0.27,10.48,5.19,2025-02
2025-02-09,Email,447,1153,11,0,0.0,0.95,0.0,40.64,,0.0,2025-02
2025-02-10,Google Ads,408,8617,110,2,280.45,1.28,1.82,3.71,204.0,0.69,2025-02
2025-02-10,Meta Ads,332,2524,131,12,427.67,5.19,9.16,2.53,27.67,1.29,2025-02
2025-02-10,TikTok Ads,442,3120,229,18,1271.84,7.34,7.86,1.93,24.56,2.88,2025-02
2025-02-10,Email,256,16048,428,22,1729.59,2.67,5.14,0.6,11.64,6.76,2025-02
2025-02-11,Google Ads,64,3343,143,12,704.18,4.28,8.39,0.45,5.33,11.0,2025-02
2025-02-11,Meta Ads,395,6136,254,8,843.72,4.14,3.15,1.56,49.38,2.14,2025-02
2025-02-11,TikTok Ads,91,2240,96,7,747.92,4.29,7.29,0.95,13.0,8.22,2025-02
2025-02-11,Email,429,1060,56,4,528.24,5.28,7.14,7.66,107.25,1.23,2025-02
2025-02-12,Google Ads,228,10130,434,18,2140.28,4.28,4.15,0.53,12.67,9.39,2025-02
2025-02-12,Meta Ads,112,19023,786,61,5801.64,4.13,7.76,0.14,1.84,51.8,2025-02
2025-02-12,TikTok Ads,401,13312,575,21,2277.04,4.32,3.65,0.7,19.1,5.68,2025-02
2025-02-12,Email,280,14350,737,27,1697.72,5.14,3.66,0.38,10.37,6.06,2025-02
2025-02-13,Google Ads,290,13418,638,12,1214.0,4.75,1.88,0.45,24.17,4.19,2025-02
2025-02-13,Meta Ads,101,2252,157,7,620.95,6.97,4.46,0.64,14.43,6.15,2025-02
2025-02-13,TikTok Ads,145,9363,126,9,414.01,1.35,7.14,1.15,16.11,2.86,2025-02
2025-02-13,Email,437,10650,727,68,4019.16,6.83,9.35,0.6,6.43,9.2,2025-02
2025-02-14,Google Ads,271,19706,1361,87,5655.28,6.91,6.39,0.2,3.11,20.87,2025-02
2025-02-14,Meta Ads,456,17314,518,45,6341.27,2.99,8.69,0.88,10.13,13.91,2025-02
2025-02-14,TikTok Ads,280,5090,215,18,1037.64,4.22,8.37,1.3,15.56,3.71,2025-02
2025-02-14,Email,286,7960,323,8,517.67,4.06,2.48,0.89,35.75,1.81,2025-02
2025-02-15,Google Ads,192,4004,101,5,371.61,2.52,4.95,1.9,38.4,1.94,2025-02
2025-02-15,Meta Ads,220,17713,669,13,1425.44,3.78,1.94,0.33,16.92,6.48,2025-02
2025-02-15,TikTok Ads,78,4640,60,4,176.75,1.29,6.67,1.3,19.5,2.27,2025-02
2025-02-15,Email,85,2341,68,6,866.84,2.9,8.82,1.25,14.17,10.2,2025-02
2025-02-16,Google Ads,62,12855,863,19,2543.5,6.71,2.2,0.07,3.26,41.02,2025-02
2025-02-16,Meta Ads,209,1338,40,3,297.8,2.99,7.5,5.22,69.67,1.42,2025-02
2025-02-16,TikTok Ads,376,6895,463,30,3326.54,6.72,6.48,0.81,12.53,8.85,2025-02
2025-02-16,Email,236,13254,625,39,1247.97,4.72,6.24,0.38,6.05,5.29,2025-02
2025-02-17,Google Ads,292,12344,883,39,2756.26,7.15,4.42,0.33,7.49,9.44,2025-02
2025-02-17,Meta Ads,135,2750,138,5,627.4,5.02,3.62,0.98,27.0,4.65,2025-02
2025-02-17,TikTok Ads,333,3421,41,0,0.0,1.2,0.0,8.12,,0.0,2025-02
2025-02-17,Email,115,8119,465,13,830.41,5.73,2.8,0.25,8.85,7.22,2025-02
2025-02-18,Google Ads,219,6319,83,0,0.0,1.31,0.0,2.64,,0.0,2025-02
2025-02-18,Meta Ads,94,16896,701,43,2613.09,4.15,6.13,0.13,2.19,27.8,2025-02
2025-02-18,TikTok Ads,111,12918,969,18,2557.39,7.5,1.86,0.11,6.17,23.04,2025-02
2025-02-18,Email,490,14849,320,28,1280.36,2.16,8.75,1.53,17.5,2.61,2025-02
2025-02-19,Google Ads,183,5873,219,12,1508.25,3.73,5.48,0.84,15.25,8.24,2025-02
2025-02-19,Meta Ads,333,5806,354,25,2273.85,6.1,7.06,0.94,13.32,6.83,2025-02
2025-02-19,TikTok Ads,77,9592,688,32,3841.27,7.17,4.65,0.11,2.41,49.89,2025-02
2025-02-19,Email,157,13182,750,45,3027.86,5.69,6.0,0.21,3.49,19.29,2025-02
2025-02-20,Google Ads,93,17774,498,47,4311.72,2.8,9.44,0.19,1.98,46.36,2025-02
2025-02-20,Meta Ads,389,13045,746,13,1726.66,5.72,1.74,0.52,29.92,4.44,2025-02
2025-02-20,TikTok Ads,335,5430,167,5,430.13,3.08,2.99,2.01,67.0,1.28,2025-02
2025-02-20,Email,495,9820,592,47,3438.82,6.03,7.94,0.84,10.53,6.95,2025-02
2025-02-21,Google Ads,380,5232,401,7,660.37,7.66,1.75,0.95,54.29,1.74,2025-02
2025-02-21,Meta Ads,177,12122,733,12,1393.0,6.05,1.64,0.24,14.75,7.87,2025-02
2025-02-21,TikTok Ads,397,16023,1128,47,3911.7,7.04,4.17,0.35,8.45,9.85,2025-02
2025-02-21,Email,280,9007,91,1,142.67,1.01,1.1,3.08,280.0,0.51,2025-02
2025-02-22,Google Ads,239,18905,1138,71,4642.94,6.02,6.24,0.21,3.37,19.43,2025-02
2025-02-22,Meta Ads,274,10018,681,20,1741.11,6.8,2.94,0.4,13.7,6.35,2025-02
2025-02-22,TikTok Ads,434,2500,32,2,241.66,1.28,6.25,13.56,217.0,0.56,2025-02
2025-02-22,Email,426,7737,549,44,4958.56,7.1,8.01,0.78,9.68,11.64,2025-02
2025-02-23,Google Ads,332,4294,120,8,1069.1,2.79,6.67,2.77,41.5,3.22,2025-02
2025-02-23,Meta Ads,495,19803,1120,73,10922.05,5.66,6.52,0.44,6.78,22.06,2025-02
2025-02-23,TikTok Ads,170,5497,362,31,2517.91,6.59,8.56,0.47,5.48,14.81,2025-02
2025-02-23,Email,165,18850,1062,31,1343.48,5.63,2.92,0.16,5.32,8.14,2025-02
2025-02-24,Google Ads,282,1614,26,2,67.3,1.61,7.69,10.85,141.0,0.24,2025-02
2025-02-24,Meta Ads,308,10374,536,43,5040.68,5.17,8.02,0.57,7.16,16.37,2025-02
2025-02-24,TikTok Ads,408,3667,177,13,1753.46,4.83,7.34,2.31,31.38,4.3,2025-02
2025-02-24,Email,247,14409,1052,63,3558.59,7.3,5.99,0.23,3.92,14.41,2025-02
2025-02-25,Google Ads,460,17514,670,21,1029.29,3.83,3.13,0.69,21.9,2.24,2025-02
2025-02-25,Meta Ads,186,3983,129,6,224.79,3.24,4.65,1.44,31.0,1.21,2025-02
2025-02-25,TikTok Ads,367,13651,853,69,8881.98,6.25,8.09,0.43,5.32,24.2,2025-02
2025-02-25,Email,214,9230,358,4,269.46,3.88,1.12,0.6,53.5,1.26,2025-02
2025-02-26,Google Ads,274,7640,421,33,2580.72,5.51,7.84,0.65,8.3,9.42,2025-02
2025-02-26,Meta Ads,356,12779,706,22,1987.26,5.52,3.12,0.5,16.18,5.58,2025-02
2025-02-26,TikTok Ads,283,16317,1177,27,3529.83,7.21,2.29,0.24,10.48,12.47,2025-02
2025-02-26,Email,221,18304,950,19,2053.9,5.19,2.0,0.23,11.63,9.29,2025-02
2025-02-27,Google Ads,201,8564,386,4,415.23,4.51,1.04,0.52,50.25,2.07,2025-02
2025-02-27,Meta Ads,364,16520,325,18,919.45,1.97,5.54,1.12,20.22,2.53,2025-02
2025-02-27,TikTok Ads,423,14737,266,7,641.08,1.8,2.63,1.59,60.43,1.52,2025-02
2025-02-27,Email,209,10323,214,21,2432.76,2.07,9.81,0.98,9.95,11.64,2025-02
2025-02-28,Google Ads,145,16229,357,22,3229.41,2.2,6.16,0.41,6.59,22.27,2025-02
2025-02-28,Meta Ads,282,12713,694,15,812.53,5.46,2.16,0.41,18.8,2.88,2025-02
2025-02-28,TikTok Ads,229,9502,587,42,1308.1,6.18,7.16,0.39,5.45,5.71,2025-02
2025-02-28,Email,162,1545,72,6,234.22,4.66,8.33,2.25,27.0,1.45,2025-02
2025-03-01,Google Ads,367,5346,363,27,2027.76,6.79,7.44,1.01,13.59,5.53,2025-03
2025-03-01,Meta Ads,491,10996,872,14,1798.52,7.93,1.61,0.56,35.07,3.66,2025-03
2025-03-01,TikTok Ads,101,16775,1130,102,3147.42,6.74,9.03,0.09,0.99,31.16,2025-03
2025-03-01,Email,317,14919,874,71,6021.34,5.86,8.12,0.36,4.46,18.99,2025-03
2025-03-02,Google Ads,344,4810,227,5,347.54,4.72,2.2,1.52,68.8,1.01,2025-03
2025-03-02,Meta Ads,435,8206,339,4,145.19,4.13,1.18,1.28,108.75,0.33,2025-03
2025-03-02,TikTok Ads,436,10005,159,9,756.26,1.59,5.66,2.74,48.44,1.73,2025-03
2025-03-02,Email,162,17371,659,15,908.55,3.79,2.28,0.25,10.8,5.61,2025-03
2025-03-03,Google Ads,150,13316,981,83,5994.77,7.37,8.46,0.15,1.81,39.97,2025-03
2025-03-03,Meta Ads,162,19416,1292,54,6192.39,6.65,4.18,0.13,3.0,38.22,2025-03
2025-03-03,TikTok Ads,489,9436,237,21,1944.31,2.51,8.86,2.06,23.29,3.98,2025-03
2025-03-03,Email,130,13984,596,36,1618.48,4.26,6.04,0.22,3.61,12.45,2025-03
2025-03-04,Google Ads,236,1271,85,2,290.74,6.69,2.35,2.78,118.0,1.23,2025-03
2025-03-04,Meta Ads,162,19155,281,6,637.86,1.47,2.14,0.58,27.0,3.94,2025-03
2025-03-04,TikTok Ads,51,11616,431,26,3169.51,3.71,6.03,0.12,1.96,62.15,2025-03
2025-03-04,Email,179,5361,373,29,1145.66,6.96,7.77,0.48,6.17,6.4,2025-03
2025-03-05,Google Ads,269,8069,308,24,855.53,3.82,7.79,0.87,11.21,3.18,2025-03
2025-03-05,Meta Ads,103,18304,282,9,291.0,1.54,3.19,0.37,11.44,2.83,2025-03
2025-03-05,TikTok Ads,392,4430,212,6,315.93,4.79,2.83,1.85,65.33,0.81,2025-03
2025-03-05,Email,273,13676,961,11,877.02,7.03,1.14,0.28,24.82,3.21,2025-03
2025-03-06,Google Ads,274,11816,606,43,6118.86,5.13,7.1,0.45,6.37,22.33,2025-03
2025-03-06,Meta Ads,434,3050,78,1,84.85,2.56,1.28,5.56,434.0,0.2,2025-03
2025-03-06,TikTok Ads,452,12692,468,22,1426.27,3.69,4.7,0.97,20.55,3.16,2025-03
2025-03-06,Email,175,2165,89,5,487.16,4.11,5.62,1.97,35.0,2.78,2025-03
2025-03-07,Google Ads,179,3033,153,14,608.05,5.04,9.15,1.17,12.79,3.4,2025-03
2025-03-07,Meta Ads,102,1145,72,2,206.28,6.29,2.78,1.42,51.0,2.02,2025-03
2025-03-07,TikTok Ads,221,15269,258,8,785.69,1.69,3.1,0.86,27.62,3.56,2025-03
2025-03-07,Email,267,8832,638,43,5376.68,7.22,6.74,0.42,6.21,20.14,2025-03
2025-03-08,Google Ads,209,15286,166,10,1484.03,1.09,6.02,1.26,20.9,7.1,2025-03
2025-03-08,Meta Ads,247,3632,130,5,300.52,3.58,3.85,1.9,49.4,1.22,2025-03
2025-03-08,TikTok Ads,465,5494,65,6,546.95,1.18,9.23,7.15,77.5,1.18,2025-03
2025-03-08,Email,296,16152,605,52,7231.32,3.75,8.6,0.49,5.69,24.43,2025-03
2025-03-09,Google Ads,373,10155,475,14,1739.12,4.68,2.95,0.79,26.64,4.66,2025-03
2025-03-09,Meta Ads,488,11426,523,16,1415.82,4.58,3.06,0.93,30.5,2.9,2025-03
2025-03-09,TikTok Ads,252,11233,242,13,1864.78,2.15,5.37,1.04,19.38,7.4,2025-03
2025-03-09,Email,233,2828,156,12,442.42,5.52,7.69,1.49,19.42,1.9,2025-03
2025-03-10,Google Ads,172,13260,174,2,283.44,1.31,1.15,0.99,86.0,1.65,2025-03
2025-03-10,Meta Ads,450,10130,641,46,1658.8,6.33,7.18,0.7,9.78,3.69,2025-03
2025-03-10,TikTok Ads,304,5805,442,30,2870.3,7.61,6.79,0.69,10.13,9.44,2025-03
2025-03-10,Email,343,1806,61,1,136.85,3.38,1.64,5.62,343.0,0.4,2025-03
2025-03-11,Google Ads,329,9202,425,30,1845.8,4.62,7.06,0.77,10.97,5.61,2025-03
2025-03-11,Meta Ads,374,2868,104,9,780.03,3.63,8.65,3.6,41.56,2.09,2025-03
2025-03-11,TikTok Ads,421,15561,162,2,137.84,1.04,1.23,2.6,210.5,0.33,2025-03
2025-03-11,Email,147,16512,611,23,3317.92,3.7,3.76,0.24,6.39,22.57,2025-03
2025-03-12,Google Ads,247,15899,1040,51,6570.71,6.54,4.9,0.24,4.84,26.6,2025-03
2025-03-12,Meta Ads,444,17220,890,80,9206.41,5.17,8.99,0.5,5.55,20.74,2025-03
2025-03-12,TikTok Ads,289,16934,289,27,2713.91,1.71,9.34,1.0,10.7,9.39,2025-03
2025-03-12,Email,193,6429,445,22,2826.36,6.92,4.94,0.43,8.77,14.64,2025-03
2025-03-13,Google Ads,146,10076,475,36,2774.59,4.71,7.58,0.31,4.06,19.0,2025-03
2025-03-13,Meta Ads,250,4564,314,18,1506.71,6.88,5.73,0.8,13.89,6.03,2025-03
2025-03-13,TikTok Ads,173,2389,120,7,823.2,5.02,5.83,1.44,24.71,4.76,2025-03
2025-03-13,Email,236,12593,619,21,1531.54,4.92,3.39,0.38,11.24,6.49,2025-03
2025-03-14,Google Ads,375,8274,143,4,150.67,1.73,2.8,2.62,93.75,0.4,2025-03
2025-03-14,Meta Ads,398,18208,395,14,544.88,2.17,3.54,1.01,28.43,1.37,2025-03
2025-03-14,TikTok Ads,308,19649,1533,92,4033.61,7.8,6.0,0.2,3.35,13.1,2025-03
2025-03-14,Email,197,18320,476,6,806.17,2.6,1.26,0.41,32.83,4.09,2025-03
2025-03-15,Google Ads,301,11745,921,84,7280.04,7.84,9.12,0.33,3.58,24.19,2025-03
2025-03-15,Meta Ads,492,15199,717,17,1964.28,4.72,2.37,0.69,28.94,3.99,2025-03
2025-03-15,TikTok Ads,469,16876,329,9,694.34,1.95,2.74,1.43,52.11,1.48,2025-03
2025-03-15,Email,452,19180,325,18,1098.82,1.69,5.54,1.39,25.11,2.43,2025-03
2025-03-16,Google Ads,395,9245,227,16,1146.61,2.46,7.05,1.74,24.69,2.9,2025-03
2025-03-16,Meta Ads,196,8214,614,11,1378.32,7.48,1.79,0.32,17.82,7.03,2025-03
2025-03-16,TikTok Ads,197,1726,67,2,210.05,3.88,2.99,2.94,98.5,1.07,2025-03
2025-03-16,Email,401,14832,558,54,7695.91,3.76,9.68,0.72,7.43,19.19,2025-03
2025-03-17,Google Ads,248,12362,394,13,1450.34,3.19,3.3,0.63,19.08,5.85,2025-03
2025-03-17,Meta Ads,357,19297,391,14,1377.91,2.03,3.58,0.91,25.5,3.86,2025-03
2025-03-17,TikTok Ads,466,11106,490,41,4232.16,4.41,8.37,0.95,11.37,9.08,2025-03
2025-03-17,Email,473,8657,165,2,286.17,1.91,1.21,2.87,236.5,0.61,2025-03
2025-03-18,Google Ads,177,19850,1359,70,8720.89,6.85,5.15,0.13,2.53,49.27,2025-03
2025-03-18,Meta Ads,88,15551,558,24,789.24,3.59,4.3,0.16,3.67,8.97,2025-03
2025-03-18,TikTok Ads,387,8906,322,12,1129.16,3.62,3.73,1.2,32.25,2.92,2025-03
2025-03-18,Email,409,8287,357,12,1351.21,4.31,3.36,1.15,34.08,3.3,2025-03
2025-03-19,Google Ads,178,1892,77,1,119.84,4.07,1.3,2.31,178.0,0.67,2025-03
2025-03-19,Meta Ads,316,11222,893,34,1889.62,7.96,3.81,0.35,9.29,5.98,2025-03
2025-03-19,TikTok Ads,490,5675,273,3,402.18,4.81,1.1,1.79,163.33,0.82,2025-03
2025-03-19,Email,483,2933,47,3,434.1,1.6,6.38,10.28,161.0,0.9,2025-03
2025-03-20,Google Ads,200,18764,984,45,2628.26,5.24,4.57,0.2,4.44,13.14,2025-03
2025-03-20,Meta Ads,464,12873,265,13,1766.88,2.06,4.91,1.75,35.69,3.81,2025-03
2025-03-20,TikTok Ads,347,18674,227,20,832.75,1.22,8.81,1.53,17.35,2.4,2025-03
2025-03-20,Email,148,19024,1482,102,3741.85,7.79,6.88,0.1,1.45,25.28,2025-03
2025-03-21,Google Ads,312,14239,913,9,409.56,6.41,0.99,0.34,34.67,1.31,2025-03
2025-03-21,Meta Ads,301,11874,933,88,3249.75,7.86,9.43,0.32,3.42,10.8,2025-03
2025-03-21,TikTok Ads,193,18602,808,25,3285.04,4.34,3.09,0.24,7.72,17.02,2025-03
2025-03-21,Email,395,6016,284,5,185.43,4.72,1.76,1.39,79.0,0.47,2025-03
2025-03-22,Google Ads,161,14774,321,25,1564.99,2.17,7.79,0.5,6.44,9.72,2025-03
2025-03-22,Meta Ads,109,10752,293,16,679.21,2.73,5.46,0.37,6.81,6.23,2025-03
2025-03-22,TikTok Ads,418,18338,1259,61,3992.49,6.87,4.85,0.33,6.85,9.55,2025-03
2025-03-22,Email,51,16585,579,18,735.61,3.49,3.11,0.09,2.83,14.42,2025-03
2025-03-23,Google Ads,434,8291,562,33,3635.29,6.78,5.87,0.77,13.15,8.38,2025-03
2025-03-23,Meta Ads,353,1974,117,4,184.0,5.93,3.42,3.02,88.25,0.52,2025-03
2025-03-23,TikTok Ads,303,5133,114,10,1322.22,2.22,8.77,2.66,30.3,4.36,2025-03
2025-03-23,Email,189,15663,712,20,2561.26,4.55,2.81,0.27,9.45,13.55,2025-03
2025-03-24,Google Ads,86,4972,285,25,790.99,5.73,8.77,0.3,3.44,9.2,2025-03
2025-03-24,Meta Ads,209,6295,166,10,1374.87,2.64,6.02,1.26,20.9,6.58,2025-03
2025-03-24,TikTok Ads,58,14913,1016,85,2845.23,6.81,8.37,0.06,0.68,49.06,2025-03
2025-03-24,Email,282,10105,486,36,2115.27,4.81,7.41,0.58,7.83,7.5,2025-03
2025-03-25,Google Ads,148,9228,199,14,474.41,2.16,7.04,0.74,10.57,3.21,2025-03
2025-03-25,Meta Ads,196,10903,553,21,1476.33,5.07,3.8,0.35,9.33,7.53,2025-03
2025-03-25,TikTok Ads,353,4020,321,9,824.98,7.99,2.8,1.1,39.22,2.34,2025-03
2025-03-25,Email,257,9987,205,5,627.99,2.05,2.44,1.25,51.4,2.44,2025-03
2025-03-26,Google Ads,180,13880,932,81,5715.18,6.71,8.69,0.19,2.22,31.75,2025-03
2025-03-26,Meta Ads,453,6233,152,12,1375.91,2.44,7.89,2.98,37.75,3.04,2025-03
2025-03-26,TikTok Ads,201,10516,681,33,1732.52,6.48,4.85,0.3,6.09,8.62,2025-03
2025-03-26,Email,103,15559,955,20,2401.44,6.14,2.09,0.11,5.15,23.31,2025-03
2025-03-27,Google Ads,169,17701,549,24,1399.67,3.1,4.37,0.31,7.04,8.28,2025-03
2025-03-27,Meta Ads,210,3396,111,7,330.58,3.27,6.31,1.89,30.0,1.57,2025-03
2025-03-27,TikTok Ads,457,19546,1279,65,3396.19,6.54,5.08,0.36,7.03,7.43,2025-03
2025-03-27,Email,165,2591,109,8,414.78,4.21,7.34,1.51,20.62,2.51,2025-03
2025-03-28,Google Ads,124,12303,752,75,6865.77,6.11,9.97,0.16,1.65,55.37,2025-03
2025-03-28,Meta Ads,162,7183,146,3,394.13,2.03,2.05,1.11,54.0,2.43,2025-03
2025-03-28,TikTok Ads,469,2312,161,8,316.42,6.96,4.97,2.91,58.62,0.67,2025-03
2025-03-28,Email,471,8314,496,24,2756.03,5.97,4.84,0.95,19.62,5.85,2025-03
2025-03-29,Google Ads,153,19767,1452,54,5860.17,7.35,3.72,0.11,2.83,38.3,2025-03
2025-03-29,Meta Ads,389,3139,60,1,134.7,1.91,1.67,6.48,389.0,0.35,2025-03
2025-03-29,TikTok Ads,303,15688,808,12,711.57,5.15,1.49,0.38,25.25,2.35,2025-03
2025-03-29,Email,276,19088,991,89,7477.17,5.19,8.98,0.28,3.1,27.09,2025-03
2025-03-30,Google Ads,161,7924,275,13,1834.29,3.47,4.73,0.59,12.38,11.39,2025-03
2025-03-30,Meta Ads,148,1362,57,3,327.6,4.19,5.26,2.6,49.33,2.21,2025-03
2025-03-30,TikTok Ads,202,19988,253,23,1763.0,1.27,9.09,0.8,8.78,8.73,2025-03
2025-03-30,Email,398,14481,900,71,3249.63,6.22,7.89,0.44,5.61,8.16,2025-03
2025-03-31,Google Ads,451,4738,229,4,245.99,4.83,1.75,1.97,112.75,0.55,2025-03
2025-03-31,Meta Ads,433,3469,48,2,199.49,1.38,4.17,9.02,216.5,0.46,2025-03
2025-03-31,TikTok Ads,415,17106,986,49,5692.83,5.76,4.97,0.42,8.47,13.72,2025-03
2025-03-31,Email,387,17940,765,62,2785.7,4.26,8.1,0.51,6.24,7.2,2025-03
2025-04-01,Google Ads,243,10017,124,9,917.57,1.24,7.26,1.96,27.0,3.78,2025-04
2025-04-01,Meta Ads,359,3808,296,21,2016.89,7.77,7.09,1.21,17.1,5.62,2025-04
2025-04-01,TikTok Ads,212,17370,1327,53,4858.76,7.64,3.99,0.16,4.0,22.92,2025-04
2025-04-01,Email,257,15870,728,60,6768.89,4.59,8.24,0.35,4.28,26.34,2025-04
2025-04-02,Google Ads,494,13713,227,3,391.48,1.66,1.32,2.18,164.67,0.79,2025-04
2025-04-02,Meta Ads,218,8561,537,13,893.86,6.27,2.42,0.41,16.77,4.1,2025-04
2025-04-02,TikTok Ads,210,3719,165,6,820.09,4.44,3.64,1.27,35.0,3.91,2025-04
2025-04-02,Email,117,12700,395,6,295.66,3.11,1.52,0.3,19.5,2.53,2025-04
2025-04-03,Google Ads,338,4741,210,6,304.58,4.43,2.86,1.61,56.33,0.9,2025-04
2025-04-03,Meta Ads,447,10766,501,42,2604.53,4.65,8.38,0.89,10.64,5.83,2025-04
2025-04-03,TikTok Ads,326,4998,246,23,1019.91,4.92,9.35,1.33,14.17,3.13,2025-04
2025-04-03,Email,353,19787,809,30,1729.15,4.09,3.71,0.44,11.77,4.9,2025-04
2025-04-04,Google Ads,453,17077,894,30,1283.08,5.24,3.36,0.51,15.1,2.83,2025-04
2025-04-04,Meta Ads,433,1294,96,3,385.83,7.42,3.12,4.51,144.33,0.89,2025-04
2025-04-04,TikTok Ads,441,11177,395,13,606.79,3.53,3.29,1.12,33.92,1.38,2025-04
2025-04-04,Email,184,10882,661,8,957.41,6.07,1.21,0.28,23.0,5.2,2025-04
2025-04-05,Google Ads,244,2136,155,14,500.5,7.26,9.03,1.57,17.43,2.05,2025-04
2025-04-05,Meta Ads,450,3064,128,3,431.47,4.18,2.34,3.52,150.0,0.96,2025-04
2025-04-05,TikTok Ads,177,8009,328,15,1730.09,4.1,4.57,0.54,11.8,9.77,2025-04
2025-04-05,Email,82,13987,729,7,215.71,5.21,0.96,0.11,11.71,2.63,2025-04
2025-04-06,Google Ads,225,5543,284,24,2919.91,5.12,8.45,0.79,9.38,12.98,2025-04
2025-04-06,Meta Ads,492,2007,133,10,916.9,6.63,7.52,3.7,49.2,1.86,2025-04
2025-04-06,TikTok Ads,420,6445,279,26,3211.62,4.33,9.32,1.51,16.15,7.65,2025-04
2025-04-06,Email,424,11706,933,74,6859.77,7.97,7.93,0.45,5.73,16.18,2025-04
2025-04-07,Google Ads,71,15749,223,8,855.38,1.42,3.59,0.32,8.88,12.05,2025-04
2025-04-07,Meta Ads,287,12718,130,4,497.44,1.02,3.08,2.21,71.75,1.73,2025-04
2025-04-07,TikTok Ads,207,10439,572,41,3223.13,5.48,7.17,0.36,5.05,15.57,2025-04
2025-04-07,Email,87,14281,441,18,545.85,3.09,4.08,0.2,4.83,6.27,2025-04
2025-04-08,Google Ads,279,2435,65,3,395.98,2.67,4.62,4.29,93.0,1.42,2025-04
2025-04-08,Meta Ads,414,1571,50,0,0.0,3.18,0.0,8.28,,0.0,2025-04
2025-04-08,TikTok Ads,100,3382,94,1,89.53,2.78,1.06,1.06,100.0,0.9,2025-04
2025-04-08,Email,487,6084,73,4,123.73,1.2,5.48,6.67,121.75,0.25,2025-04
2025-04-09,Google Ads,313,17661,1377,83,7391.24,7.8,6.03,0.23,3.77,23.61,2025-04
2025-04-09,Meta Ads,332,14507,369,28,4154.6,2.54,7.59,0.9,11.86,12.51,2025-04
2025-04-09,TikTok Ads,76,8059,494,10,633.92,6.13,2.02,0.15,7.6,8.34,2025-04
2025-04-09,Email,275,19271,1221,68,5266.61,6.34,5.57,0.23,4.04,19.15,2025-04
2025-04-10,Google Ads,326,13771,1033,28,3148.96,7.5,2.71,0.32,11.64,9.66,2025-04
2025-04-10,Meta Ads,335,18649,226,4,511.1,1.21,1.77,1.48,83.75,1.53,2025-04
2025-04-10,TikTok Ads,146,8491,603,28,2242.44,7.1,4.64,0.24,5.21,15.36,2025-04
2025-04-10,Email,333,15527,728,17,1141.72,4.69,2.34,0.46,19.59,3.43,2025-04
2025-04-11,Google Ads,416,18424,1000,29,4133.63,5.43,2.9,0.42,14.34,9.94,2025-04
2025-04-11,Meta Ads,497,15859,874,33,3671.49,5.51,3.78,0.57,15.06,7.39,2025-04
2025-04-11,TikTok Ads,366,9073,611,20,885.65,6.73,3.27,0.6,18.3,2.42,2025-04
2025-04-11,Email,353,10077,335,5,191.36,3.32,1.49,1.05,70.6,0.54,2025-04
2025-04-12,Google Ads,196,12383,759,13,1144.34,6.13,1.71,0.26,15.08,5.84,2025-04
2025-04-12,Meta Ads,53,17378,816,22,1241.04,4.7,2.7,0.06,2.41,23.42,2025-04
2025-04-12,TikTok Ads,84,3353,219,3,181.43,6.53,1.37,0.38,28.0,2.16,2025-04
2025-04-12,Email,241,5799,460,30,4059.69,7.93,6.52,0.52,8.03,16.85,2025-04
2025-04-13,Google Ads,98,18070,434,15,611.22,2.4,3.46,0.23,6.53,6.24,2025-04
2025-04-13,Meta Ads,66,12939,1030,36,4170.37,7.96,3.5,0.06,1.83,63.19,2025-04
2025-04-13,TikTok Ads,221,3428,55,2,125.07,1.6,3.64,4.02,110.5,0.57,2025-04
2025-04-13,Email,269,12296,124,8,969.92,1.01,6.45,2.17,33.62,3.61,2025-04
2025-04-14,Google Ads,207,8813,115,10,1166.89,1.3,8.7,1.8,20.7,5.64,2025-04
2025-04-14,Meta Ads,95,15414,522,40,1235.48,3.39,7.66,0.18,2.38,13.01,2025-04
2025-04-14,TikTok Ads,422,12801,695,52,4737.0,5.43,7.48,0.61,8.12,11.23,2025-04
2025-04-14,Email,55,12745,189,10,467.18,1.48,5.29,0.29,5.5,8.49,2025-04
2025-04-15,Google Ads,148,14025,145,10,1339.47,1.03,6.9,1.02,14.8,9.05,2025-04
2025-04-15,Meta Ads,429,4356,329,19,2557.22,7.55,5.78,1.3,22.58,5.96,2025-04
2025-04-15,TikTok Ads,282,15288,1032,30,2406.04,6.75,2.91,0.27,9.4,8.53,2025-04
2025-04-15,Email,86,7540,502,14,1166.58,6.66,2.79,0.17,6.14,13.56,2025-04
2025-04-16,Google Ads,329,17422,1252,45,2987.73,7.19,3.59,0.26,7.31,9.08,2025-04
2025-04-16,Meta Ads,398,4342,256,23,2667.83,5.9,8.98,1.55,17.3,6.7,2025-04
2025-04-16,TikTok Ads,351,10078,174,10,730.39,1.73,5.75,2.02,35.1,2.08,2025-04
2025-04-16,Email,230,3844,145,11,683.49,3.77,7.59,1.59,20.91,2.97,2025-04
2025-04-17,Google Ads,144,11396,690,28,2292.3,6.05,4.06,0.21,5.14,15.92,2025-04
2025-04-17,Meta Ads,148,18482,547,25,1024.46,2.96,4.57,0.27,5.92,6.92,2025-04
2025-04-17,TikTok Ads,237,19207,1116,23,2750.62,5.81,2.06,0.21,10.3,11.61,2025-04
2025-04-17,Email,165,14998,175,4,126.05,1.17,2.29,0.94,41.25,0.76,2025-04
2025-04-18,Google Ads,240,14261,448,37,3971.51,3.14,8.26,0.54,6.49,16.55,2025-04
2025-04-18,Meta Ads,302,4093,198,12,623.32,4.84,6.06,1.53,25.17,2.06,2025-04
2025-04-18,TikTok Ads,465,12722,690,27,1562.99,5.42,3.91,0.67,17.22,3.36,2025-04
2025-04-18,Email,210,12645,637,52,5526.34,5.04,8.16,0.33,4.04,26.32,2025-04
2025-04-19,Google Ads,305,16083,946,30,4474.6,5.88,3.17,0.32,10.17,14.67,2025-04
2025-04-19,Meta Ads,372,1988,20,1,123.33,1.01,5.0,18.6,372.0,0.33,2025-04
2025-04-19,TikTok Ads,177,7446,127,5,285.5,1.71,3.94,1.39,35.4,1.61,2025-04
2025-04-19,Email,67,17335,1227,49,2505.03,7.08,3.99,0.05,1.37,37.39,2025-04
2025-04-20,Google Ads,330,17133,988,37,4956.07,5.77,3.74,0.33,8.92,15.02,2025-04
2025-04-20,Meta Ads,272,2682,48,1,83.3,1.79,2.08,5.67,272.0,0.31,2025-04
2025-04-20,TikTok Ads,103,6626,456,9,418.02,6.88,1.97,0.23,11.44,4.06,2025-04
2025-04-20,Email,107,8424,227,15,2001.98,2.69,6.61,0.47,7.13,18.71,2025-04
2025-04-21,Google Ads,372,13857,602,53,6780.35,4.34,8.8,0.62,7.02,18.23,2025-04
2025-04-21,Meta Ads,409,13155,265,21,3109.44,2.01,7.92,1.54,19.48,7.6,2025-04
2025-04-21,TikTok Ads,223,18317,1093,24,3340.06,5.97,2.2,0.2,9.29,14.98,2025-04
2025-04-21,Email,329,12425,704,41,5420.81,5.67,5.82,0.47,8.02,16.48,2025-04
2025-04-22,Google Ads,163,2980,73,1,36.31,2.45,1.37,2.23,163.0,0.22,2025-04
2025-04-22,Meta Ads,337,16522,1163,16,680.48,7.04,1.38,0.29,21.06,2.02,2025-04
2025-04-22,TikTok Ads,480,9984,380,26,2555.23,3.81,6.84,1.26,18.46,5.32,2025-04
2025-04-22,Email,391,18175,553,32,3000.88,3.04,5.79,0.71,12.22,7.67,2025-04
2025-04-23,Google Ads,200,16883,348,6,509.73,2.06,1.72,0.57,33.33,2.55,2025-04
2025-04-23,Meta Ads,499,6390,182,2,155.23,2.85,1.1,2.74,249.5,0.31,2025-04
2025-04-23,TikTok Ads,176,19639,226,22,1798.4,1.15,9.73,0.78,8.0,10.22,2025-04
2025-04-23,Email,204,2607,132,1,98.32,5.06,0.76,1.55,204.0,0.48,2025-04
2025-04-24,Google Ads,435,7573,522,26,786.48,6.89,4.98,0.83,16.73,1.81,2025-04
2025-04-24,Meta Ads,322,18368,889,49,3002.97,4.84,5.51,0.36,6.57,9.33,2025-04
2025-04-24,TikTok Ads,153,6776,171,3,276.58,2.52,1.75,0.89,51.0,1.81,2025-04
2025-04-24,Email,466,4676,57,1,116.67,1.22,1.75,8.18,466.0,0.25,2025-04
2025-04-25,Google Ads,442,4380,109,4,203.6,2.49,3.67,4.06,110.5,0.46,2025-04
2025-04-25,Meta Ads,348,9711,379,29,2773.15,3.9,7.65,0.92,12.0,7.97,2025-04
2025-04-25,TikTok Ads,295,9782,617,34,3935.0,6.31,5.51,0.48,8.68,13.34,2025-04
2025-04-25,Email,225,18434,426,28,2333.95,2.31,6.57,0.53,8.04,10.37,2025-04
2025-04-26,Google Ads,88,14997,905,89,2959.23,6.03,9.83,0.1,0.99,33.63,2025-04
2025-04-26,Meta Ads,219,7342,518,40,3356.49,7.06,7.72,0.42,5.48,15.33,2025-04
2025-04-26,TikTok Ads,296,18343,766,37,2426.22,4.18,4.83,0.39,8.0,8.2,2025-04
2025-04-26,Email,75,7059,476,23,3255.83,6.74,4.83,0.16,3.26,43.41,2025-04
2025-04-27,Google Ads,404,9884,482,31,1393.56,4.88,6.43,0.84,13.03,3.45,2025-04
2025-04-27,Meta Ads,355,6655,363,25,2707.43,5.45,6.89,0.98,14.2,7.63,2025-04
2025-04-27,TikTok Ads,458,13091,613,33,1198.77,4.68,5.38,0.75,13.88,2.62,2025-04
2025-04-27,Email,457,16251,689,46,3842.86,4.24,6.68,0.66,9.93,8.41,2025-04
2025-04-28,Google Ads,62,1526,40,0,0.0,2.62,0.0,1.55,,0.0,2025-04
2025-04-28,Meta Ads,365,4224,131,6,394.53,3.1,4.58,2.79,60.83,1.08,2025-04
2025-04-28,TikTok Ads,440,16069,486,17,1438.35,3.02,3.5,0.91,25.88,3.27,2025-04
2025-04-28,Email,362,12536,619,13,645.14,4.94,2.1,0.58,27.85,1.78,2025-04
2025-04-29,Google Ads,85,14547,267,5,332.47,1.84,1.87,0.32,17.0,3.91,2025-04
2025-04-29,Meta Ads,222,19259,1428,91,9512.48,7.41,6.37,0.16,2.44,42.85,2025-04
2025-04-29,TikTok Ads,69,2763,167,9,595.94,6.04,5.39,0.41,7.67,8.64,2025-04
2025-04-29,Email,370,9712,370,12,1655.63,3.81,3.24,1.0,30.83,4.47,2025-04
2025-04-30,Google Ads,313,6797,143,7,737.86,2.1,4.9,2.19,44.71,2.36,2025-04
2025-04-30,Meta Ads,449,10208,732,39,3222.88,7.17,5.33,0.61,11.51,7.18,2025-04
2025-04-30,TikTok Ads,191,6109,413,11,381.16,6.76,2.66,0.46,17.36,2.0,2025-04
2025-04-30,Email,420,17500,1059,72,6476.1,6.05,6.8,0.4,5.83,15.42,2025-04
2025-05-01,Google Ads,192,3433,99,7,852.41,2.88,7.07,1.94,27.43,4.44,2025-05
2025-05-01,Meta Ads,141,17967,685,55,3402.68,3.81,8.03,0.21,2.56,24.13,2025-05
2025-05-01,TikTok Ads,403,5167,88,5,634.06,1.7,5.68,4.58,80.6,1.57,2025-05
2025-05-01,Email,371,18773,436,24,1445.2,2.32,5.5,0.85,15.46,3.9,2025-05
2025-05-02,Google Ads,337,9357,606,9,1159.65,6.48,1.49,0.56,37.44,3.44,2025-05
2025-05-02,Meta Ads,264,7154,429,15,603.48,6.0,3.5,0.62,17.6,2.29,2025-05
2025-05-02,TikTok Ads,496,9920,511,9,1205.48,5.15,1.76,0.97,55.11,2.43,2025-05
2025-05-02,Email,391,19427,1412,136,12226.72,7.27,9.63,0.28,2.88,31.27,2025-05
2025-05-03,Google Ads,100,18162,923,20,1311.69,5.08,2.17,0.11,5.0,13.12,2025-05
2025-05-03,Meta Ads,202,1213,51,1,61.81,4.2,1.96,3.96,202.0,0.31,2025-05
2025-05-03,TikTok Ads,235,4762,161,14,1145.78,3.38,8.7,1.46,16.79,4.88,2025-05
2025-05-03,Email,112,14399,1091,103,15438.25,7.58,9.44,0.1,1.09,137.84,2025-05
2025-05-04,Google Ads,239,10768,170,13,733.71,1.58,7.65,1.41,18.38,3.07,2025-05
2025-05-04,Meta Ads,174,11640,874,9,381.47,7.51,1.03,0.2,19.33,2.19,2025-05
2025-05-04,TikTok Ads,199,7731,524,5,501.02,6.78,0.95,0.38,39.8,2.52,2025-05
2025-05-04,Email,363,6791,129,5,443.13,1.9,3.88,2.81,72.6,1.22,2025-05
2025-05-05,Google Ads,107,16822,833,19,1765.17,4.95,2.28,0.13,5.63,16.5,2025-05
2025-05-05,Meta Ads,391,9783,691,8,880.26,7.06,1.16,0.57,48.88,2.25,2025-05
2025-05-05,TikTok Ads,354,14621,731,37,2296.12,5.0,5.06,0.48,9.57,6.49,2025-05
2025-05-05,Email,229,17019,1250,118,16435.02,7.34,9.44,0.18,1.94,71.77,2025-05
2025-05-06,Google Ads,219,3720,282,11,905.09,7.58,3.9,0.78,19.91,4.13,2025-05
2025-05-06,Meta Ads,375,9905,391,27,1228.24,3.95,6.91,0.96,13.89,3.28,2025-05
2025-05-06,TikTok Ads,320,10127,368,25,2976.9,3.63,6.79,0.87,12.8,9.3,2025-05
2025-05-06,Email,103,17385,1313,42,4501.25,7.55,3.2,0.08,2.45,43.7,2025-05
2025-05-07,Google Ads,493,7368,421,28,1900.9,5.71,6.65,1.17,17.61,3.86,2025-05
2025-05-07,Meta Ads,150,15056,272,7,732.08,1.81,2.57,0.55,21.43,4.88,2025-05
2025-05-07,TikTok Ads,313,13236,171,3,169.15,1.29,1.75,1.83,104.33,0.54,2025-05
2025-05-07,Email,102,19333,957,69,5753.27,4.95,7.21,0.11,1.48,56.4,2025-05
2025-05-08,Google Ads,109,15451,1160,23,3172.38,7.51,1.98,0.09,4.74,29.1,2025-05
2025-05-08,Meta Ads,157,18301,1264,126,5799.04,6.91,9.97,0.12,1.25,36.94,2025-05
2025-05-08,TikTok Ads,54,11433,655,17,1298.86,5.73,2.6,0.08,3.18,24.05,2025-05
2025-05-08,Email,152,16525,326,20,2570.74,1.97,6.13,0.47,7.6,16.91,2025-05
2025-05-09,Google Ads,245,1089,30,1,146.34,2.75,3.33,8.17,245.0,0.6,2025-05
2025-05-09,Meta Ads,311,19093,1361,29,2449.66,7.13,2.13,0.23,10.72,7.88,2025-05
2025-05-09,TikTok Ads,414,11361,258,3,272.52,2.27,1.16,1.6,138.0,0.66,2025-05
2025-05-09,Email,421,17369,512,33,3255.8,2.95,6.45,0.82,12.76,7.73,2025-05
2025-05-10,Google Ads,399,4041,77,6,851.29,1.91,7.79,5.18,66.5,2.13,2025-05
2025-05-10,Meta Ads,96,1105,63,5,664.92,5.7,7.94,1.52,19.2,6.93,2025-05
2025-05-10,TikTok Ads,404,10078,766,40,2018.89,7.6,5.22,0.53,10.1,5.0,2025-05
2025-05-10,Email,360,19279,555,44,3626.08,2.88,7.93,0.65,8.18,10.07,2025-05
2025-05-11,Google Ads,473,7090,306,21,1799.28,4.32,6.86,1.55,22.52,3.8,2025-05
2025-05-11,Meta Ads,357,7082,385,28,3491.36,5.44,7.27,0.93,12.75,9.78,2025-05
2025-05-11,TikTok Ads,193,18018,1440,78,7983.08,7.99,5.42,0.13,2.47,41.36,2025-05
2025-05-11,Email,318,2925,50,3,325.52,1.71,6.0,6.36,106.0,1.02,2025-05
2025-05-12,Google Ads,419,19440,872,71,10634.66,4.49,8.14,0.48,5.9,25.38,2025-05
2025-05-12,Meta Ads,173,7917,292,13,506.94,3.69,4.45,0.59,13.31,2.93,2025-05
2025-05-12,TikTok Ads,155,1552,109,8,454.09,7.02,7.34,1.42,19.38,2.93,2025-05
2025-05-12,Email,207,4911,212,13,1026.32,4.32,6.13,0.98,15.92,4.96,2025-05
2025-05-13,Google Ads,196,4389,77,1,71.73,1.75,1.3,2.55,196.0,0.37,2025-05
2025-05-13,Meta Ads,194,14629,795,9,293.38,5.43,1.13,0.24,21.56,1.51,2025-05
2025-05-13,TikTok Ads,169,3430,219,9,369.12,6.38,4.11,0.77,18.78,2.18,2025-05
2025-05-13,Email,368,1458,14,0,0.0,0.96,0.0,26.29,,0.0,2025-05
2025-05-14,Google Ads,324,14395,1009,86,11654.63,7.01,8.52,0.32,3.77,35.97,2025-05
2025-05-14,Meta Ads,141,1207,27,0,0.0,2.24,0.0,5.22,,0.0,2025-05
2025-05-14,TikTok Ads,107,1899,92,7,662.92,4.84,7.61,1.16,15.29,6.2,2025-05
2025-05-14,Email,488,12653,494,43,2606.28,3.9,8.7,0.99,11.35,5.34,2025-05
2025-05-15,Google Ads,395,17405,1050,24,2931.48,6.03,2.29,0.38,16.46,7.42,2025-05
2025-05-15,Meta Ads,278,9601,345,29,3486.25,3.59,8.41,0.81,9.59,12.54,2025-05
2025-05-15,TikTok Ads,166,1894,134,13,1307.85,7.07,9.7,1.24,12.77,7.88,2025-05
2025-05-15,Email,367,1514,92,6,333.12,6.08,6.52,3.99,61.17,0.91,2025-05
2025-05-16,Google Ads,328,5109,282,22,916.13,5.52,7.8,1.16,14.91,2.79,2025-05
2025-05-16,Meta Ads,176,14258,937,93,3506.9,6.57,9.93,0.19,1.89,19.93,2025-05
2025-05-16,TikTok Ads,442,16313,1024,66,6674.15,6.28,6.45,0.43,6.7,15.1,2025-05
2025-05-16,Email,445,16349,204,7,903.03,1.25,3.43,2.18,63.57,2.03,2025-05
2025-05-17,Google Ads,178,8179,307,26,3457.99,3.75,8.47,0.58,6.85,19.43,2025-05
2025-05-17,Meta Ads,107,11326,851,55,4709.91,7.51,6.46,0.13,1.95,44.02,2025-05
2025-05-17,TikTok Ads,171,12787,240,14,1737.58,1.88,5.83,0.71,12.21,10.16,2025-05
2025-05-17,Email,50,2560,157,5,718.13,6.13,3.18,0.32,10.0,14.36,2025-05
2025-05-18,Google Ads,288,14612,1142,89,5608.82,7.82,7.79,0.25,3.24,19.48,2025-05
2025-05-18,Meta Ads,339,18650,254,4,311.02,1.36,1.57,1.33,84.75,0.92,2025-05
2025-05-18,TikTok Ads,145,5780,333,31,4395.1,5.76,9.31,0.44,4.68,30.31,2025-05
2025-05-18,Email,175,19311,825,32,2258.81,4.27,3.88,0.21,5.47,12.91,2025-05
2025-05-19,Google Ads,167,12894,651,13,1815.65,5.05,2.0,0.26,12.85,10.87,2025-05
2025-05-19,Meta Ads,97,3356,53,2,295.45,1.58,3.77,1.83,48.5,3.05,2025-05
2025-05-19,TikTok Ads,138,5790,75,1,109.42,1.3,1.33,1.84,138.0,0.79,2025-05
2025-05-19,Email,286,17690,1002,71,9089.91,5.66,7.09,0.29,4.03,31.78,2025-05
2025-05-20,Google Ads,422,11181,756,68,8156.29,6.76,8.99,0.56,6.21,19.33,2025-05
2025-05-20,Meta Ads,434,8057,521,44,5013.54,6.47,8.45,0.83,9.86,11.55,2025-05
2025-05-20,TikTok Ads,321,17082,821,17,1136.14,4.81,2.07,0.39,18.88,3.54,2025-05
2025-05-20,Email,238,1661,28,0,0.0,1.69,0.0,8.5,,0.0,2025-05
2025-05-21,Google Ads,241,5644,328,27,1921.49,5.81,8.23,0.73,8.93,7.97,2025-05
2025-05-21,Meta Ads,496,16711,450,41,4511.33,2.69,9.11,1.1,12.1,9.1,2025-05
2025-05-21,TikTok Ads,118,3920,289,14,592.25,7.37,4.84,0.41,8.43,5.02,2025-05
2025-05-21,Email,327,17002,1167,64,2011.53,6.86,5.48,0.28,5.11,6.15,2025-05
2025-05-22,Google Ads,398,15025,896,34,1589.94,5.96,3.79,0.44,11.71,3.99,2025-05
2025-05-22,Meta Ads,296,9946,760,68,7880.41,7.64,8.95,0.39,4.35,26.62,2025-05
2025-05-22,TikTok Ads,125,13732,167,11,1614.09,1.22,6.59,0.75,11.36,12.91,2025-05
2025-05-22,Email,203,7236,445,15,2219.52,6.15,3.37,0.46,13.53,10.93,2025-05
2025-05-23,Google Ads,193,17309,573,21,1874.83,3.31,3.66,0.34,9.19,9.71,2025-05
2025-05-23,Meta Ads,484,14518,1065,96,12894.94,7.34,9.01,0.45,5.04,26.64,2025-05
2025-05-23,TikTok Ads,135,1352,38,0,0.0,2.81,0.0,3.55,,0.0,2025-05
2025-05-23,Email,234,8005,486,18,1622.25,6.07,3.7,0.48,13.0,6.93,2025-05
2025-05-24,Google Ads,334,15036,1074,64,6318.8,7.14,5.96,0.31,5.22,18.92,2025-05
2025-05-24,Meta Ads,269,17542,226,5,232.34,1.29,2.21,1.19,53.8,0.86,2025-05
2025-05-24,TikTok Ads,118,1956,74,1,142.52,3.78,1.35,1.59,118.0,1.21,2025-05
2025-05-24,Email,96,3071,194,16,1155.71,6.32,8.25,0.49,6.0,12.04,2025-05
2025-05-25,Google Ads,143,9595,401,36,3007.36,4.18,8.98,0.36,3.97,21.03,2025-05
2025-05-25,Meta Ads,287,16140,463,38,4202.77,2.87,8.21,0.62,7.55,14.64,2025-05
2025-05-25,TikTok Ads,495,13803,350,31,2172.12,2.54,8.86,1.41,15.97,4.39,2025-05
2025-05-25,Email,253,4453,85,5,302.56,1.91,5.88,2.98,50.6,1.2,2025-05
2025-05-26,Google Ads,449,7675,537,44,4651.94,7.0,8.19,0.84,10.2,10.36,2025-05
2025-05-26,Meta Ads,267,1955,98,4,131.99,5.01,4.08,2.72,66.75,0.49,2025-05
2025-05-26,TikTok Ads,481,7295,111,7,815.41,1.52,6.31,4.33,68.71,1.7,2025-05
2025-05-26,Email,390,16921,622,61,5592.65,3.68,9.81,0.63,6.39,14.34,2025-05
2025-05-27,Google Ads,88,19096,682,20,2053.81,3.57,2.93,0.13,4.4,23.34,2025-05
2025-05-27,Meta Ads,149,16282,369,16,1693.21,2.27,4.34,0.4,9.31,11.36,2025-05
2025-05-27,TikTok Ads,338,5703,230,12,1118.95,4.03,5.22,1.47,28.17,3.31,2025-05
2025-05-27,Email,303,7563,251,5,499.52,3.32,1.99,1.21,60.6,1.65,2025-05
2025-05-28,Google Ads,271,13003,441,7,784.38,3.39,1.59,0.61,38.71,2.89,2025-05
2025-05-28,Meta Ads,406,11817,729,61,7342.83,6.17,8.37,0.56,6.66,18.09,2025-05
2025-05-28,TikTok Ads,72,12171,311,30,3518.83,2.56,9.65,0.23,2.4,48.87,2025-05
2025-05-28,Email,299,13582,746,34,4568.04,5.49,4.56,0.4,8.79,15.28,2025-05
2025-05-29,Google Ads,59,13201,659,11,580.07,4.99,1.67,0.09,5.36,9.83,2025-05
2025-05-29,Meta Ads,295,18778,934,14,1093.93,4.97,1.5,0.32,21.07,3.71,2025-05
2025-05-29,TikTok Ads,374,13473,760,68,9774.02,5.64,8.95,0.49,5.5,26.13,2025-05
2025-05-29,Email,149,10461,506,26,2017.36,4.84,5.14,0.29,5.73,13.54,2025-05
2025-05-30,Google Ads,339,16596,1187,46,2069.28,7.15,3.88,0.29,7.37,6.1,2025-05
2025-05-30,Meta Ads,229,1529,87,4,372.21,5.69,4.6,2.63,57.25,1.63,2025-05
2025-05-30,TikTok Ads,272,13765,664,25,1078.47,4.82,3.77,0.41,10.88,3.96,2025-05
2025-05-30,Email,443,14910,1015,54,2934.49,6.81,5.32,0.44,8.2,6.62,2025-05
2025-05-31,Google Ads,299,12561,658,57,8538.5,5.24,8.66,0.45,5.25,28.56,2025-05
2025-05-31,Meta Ads,196,10131,307,19,1804.31,3.03,6.19,0.64,10.32,9.21,2025-05
2025-05-31,TikTok Ads,491,1525,37,2,128.17,2.43,5.41,13.27,245.5,0.26,2025-05
2025-05-31,Email,145,17385,359,15,2240.59,2.06,4.18,0.4,9.67,15.45,2025-05
2025-06-01,Google Ads,306,1374,100,7,1021.91,7.28,7.0,3.06,43.71,3.34,2025-06
2025-06-01,Meta Ads,374,13197,787,55,4558.88,5.96,6.99,0.48,6.8,12.19,2025-06
2025-06-01,TikTok Ads,53,5648,427,8,489.99,7.56,1.87,0.12,6.62,9.25,2025-06
2025-06-01,Email,65,3365,175,10,1306.08,5.2,5.71,0.37,6.5,20.09,2025-06
2025-06-02,Google Ads,329,18909,815,26,3012.74,4.31,3.19,0.4,12.65,9.16,2025-06
2025-06-02,Meta Ads,385,2646,37,3,337.3,1.4,8.11,10.41,128.33,0.88,2025-06
2025-06-02,TikTok Ads,296,1013,57,2,274.35,5.63,3.51,5.19,148.0,0.93,2025-06
2025-06-02,Email,307,5599,284,28,3156.44,5.07,9.86,1.08,10.96,10.28,2025-06
2025-06-03,Google Ads,433,3278,259,4,256.22,7.9,1.54,1.67,108.25,0.59,2025-06
2025-06-03,Meta Ads,209,15296,409,32,3624.43,2.67,7.82,0.51,6.53,17.34,2025-06
2025-06-03,TikTok Ads,389,4155,195,13,867.07,4.69,6.67,1.99,29.92,2.23,2025-06
2025-06-03,Email,201,9321,517,40,4844.35,5.55,7.74,0.39,5.03,24.1,2025-06
2025-06-04,Google Ads,445,4814,265,9,939.33,5.5,3.4,1.68,49.44,2.11,2025-06
2025-06-04,Meta Ads,227,14125,696,37,1453.71,4.93,5.32,0.33,6.14,6.4,2025-06
2025-06-04,TikTok Ads,212,4216,271,22,2013.89,6.43,8.12,0.78,9.64,9.5,2025-06
2025-06-04,Email,429,3113,75,2,142.39,2.41,2.67,5.72,214.5,0.33,2025-06
2025-06-05,Google Ads,82,11238,683,20,1388.57,6.08,2.93,0.12,4.1,16.93,2025-06
2025-06-05,Meta Ads,466,14760,787,46,4704.45,5.33,5.84,0.59,10.13,10.1,2025-06
2025-06-05,TikTok Ads,494,13588,988,56,3846.02,7.27,5.67,0.5,8.82,7.79,2025-06
2025-06-05,Email,228,4374,303,10,1232.27,6.93,3.3,0.75,22.8,5.4,2025-06
2025-06-06,Google Ads,476,7430,238,8,307.96,3.2,3.36,2.0,59.5,0.65,2025-06
2025-06-06,Meta Ads,150,12970,380,13,1420.21,2.93,3.42,0.39,11.54,9.47,2025-06
2025-06-06,TikTok Ads,317,1629,128,10,1271.03,7.86,7.81,2.48,31.7,4.01,2025-06
2025-06-06,Email,372,17653,828,56,6201.43,4.69,6.76,0.45,6.64,16.67,2025-06
2025-06-07,Google Ads,114,11831,868,73,6545.73,7.34,8.41,0.13,1.56,57.42,2025-06
2025-06-07,Meta Ads,466,6724,144,14,2016.52,2.14,9.72,3.24,33.29,4.33,2025-06
2025-06-07,TikTok Ads,217,12083,664,34,2243.75,5.5,5.12,0.33,6.38,10.34,2025-06
2025-06-07,Email,379,14149,943,15,484.5,6.66,1.59,0.4,25.27,1.28,2025-06
2025-06-08,Google Ads,92,10472,799,11,900.23,7.63,1.38,0.12,8.36,9.79,2025-06
2025-06-08,Meta Ads,93,7276,244,8,271.69,3.35,3.28,0.38,11.62,2.92,2025-06
2025-06-08,TikTok Ads,334,16635,1010,94,13580.41,6.07,9.31,0.33,3.55,40.66,2025-06
2025-06-08,Email,446,6895,329,18,993.42,4.77,5.47,1.36,24.78,2.23,2025-06
2025-06-09,Google Ads,61,14994,213,7,872.7,1.42,3.29,0.29,8.71,14.31,2025-06
2025-06-09,Meta Ads,144,11552,673,30,3688.46,5.83,4.46,0.21,4.8,25.61,2025-06
2025-06-09,TikTok Ads,351,17959,1047,66,3704.41,5.83,6.3,0.34,5.32,10.55,2025-06
2025-06-09,Email,435,7099,533,36,3763.7,7.51,6.75,0.82,12.08,8.65,2025-06
2025-06-10,Google Ads,302,10499,470,11,393.46,4.48,2.34,0.64,27.45,1.3,2025-06
2025-06-10,Meta Ads,291,4178,109,10,880.29,2.61,9.17,2.67,29.1,3.03,2025-06
2025-06-10,TikTok Ads,84,7116,93,5,158.79,1.31,5.38,0.9,16.8,1.89,2025-06
2025-06-10,Email,264,16563,647,14,1967.52,3.91,2.16,0.41,18.86,7.45,2025-06
2025-06-11,Google Ads,386,4568,142,12,1765.56,3.11,8.45,2.72,32.17,4.57,2025-06
2025-06-11,Meta Ads,139,10847,686,11,623.41,6.32,1.6,0.2,12.64,4.48,2025-06
2025-06-11,TikTok Ads,313,15135,526,48,2638.69,3.48,9.13,0.6,6.52,8.43,2025-06
2025-06-11,Email,142,19587,1497,149,17946.52,7.64,9.95,0.09,0.95,126.38,2025-06
2025-06-12,Google Ads,459,18774,1452,106,6402.99,7.73,7.3,0.32,4.33,13.95,2025-06
2025-06-12,Meta Ads,139,2742,146,11,1511.5,5.32,7.53,0.95,12.64,10.87,2025-06
2025-06-12,TikTok Ads,467,19309,1448,58,5734.55,7.5,4.01,0.32,8.05,12.28,2025-06
2025-06-12,Email,164,1619,102,9,648.84,6.3,8.82,1.61,18.22,3.96,2025-06
2025-06-13,Google Ads,154,18658,900,51,6626.09,4.82,5.67,0.17,3.02,43.03,2025-06
2025-06-13,Meta Ads,440,18340,414,31,2765.47,2.26,7.49,1.06,14.19,6.29,2025-06
2025-06-13,TikTok Ads,245,2939,123,11,1533.36,4.19,8.94,1.99,22.27,6.26,2025-06
2025-06-13,Email,363,17001,837,81,11450.3,4.92,9.68,0.43,4.48,31.54,2025-06
2025-06-14,Google Ads,163,1968,138,11,548.35,7.01,7.97,1.18,14.82,3.36,2025-06
2025-06-14,Meta Ads,124,15846,692,25,756.97,4.37,3.61,0.18,4.96,6.1,2025-06
2025-06-14,TikTok Ads,462,1281,93,9,1332.65,7.26,9.68,4.97,51.33,2.88,2025-06
2025-06-14,Email,425,16360,935,62,8601.66,5.72,6.63,0.45,6.85,20.24,2025-06
2025-06-15,Google Ads,469,7262,142,13,476.49,1.96,9.15,3.3,36.08,1.02,2025-06
2025-06-15,Meta Ads,266,2058,163,11,1429.61,7.92,6.75,1.63,24.18,5.37,2025-06
2025-06-15,TikTok Ads,326,11724,549,20,1698.73,4.68,3.64,0.59,16.3,5.21,2025-06
2025-06-15,Email,298,6178,231,10,610.75,3.74,4.33,1.29,29.8,2.05,2025-06
2025-06-16,Google Ads,213,7980,447,26,3521.69,5.6,5.82,0.48,8.19,16.53,2025-06
2025-06-16,Meta Ads,443,10200,179,14,750.4,1.75,7.82,2.47,31.64,1.69,2025-06
2025-06-16,TikTok Ads,406,2229,121,4,574.7,5.43,3.31,3.36,101.5,1.42,2025-06
2025-06-16,Email,457,9467,424,26,1421.54,4.48,6.13,1.08,17.58,3.11,2025-06
2025-06-17,Google Ads,241,3289,126,5,518.21,3.83,3.97,1.91,48.2,2.15,2025-06
2025-06-17,Meta Ads,276,2239,171,14,794.79,7.64,8.19,1.61,19.71,2.88,2025-06
2025-06-17,TikTok Ads,226,6370,296,15,1432.2,4.65,5.07,0.76,15.07,6.34,2025-06
2025-06-17,Email,148,17170,435,7,784.54,2.53,1.61,0.34,21.14,5.3,2025-06
2025-06-18,Google Ads,85,1125,47,1,52.83,4.18,2.13,1.81,85.0,0.62,2025-06
2025-06-18,Meta Ads,145,13504,1004,15,1387.59,7.43,1.49,0.14,9.67,9.57,2025-06
2025-06-18,TikTok Ads,201,16398,366,20,1725.74,2.23,5.46,0.55,10.05,8.59,2025-06
2025-06-18,Email,200,7638,190,3,115.57,2.49,1.58,1.05,66.67,0.58,2025-06
2025-06-19,Google Ads,239,7570,82,1,128.2,1.08,1.22,2.91,239.0,0.54,2025-06
2025-06-19,Meta Ads,273,4249,46,4,281.13,1.08,8.7,5.93,68.25,1.03,2025-06
2025-06-19,TikTok Ads,86,10110,688,60,5936.99,6.81,8.72,0.12,1.43,69.03,2025-06
2025-06-19,Email,317,8595,526,26,2386.13,6.12,4.94,0.6,12.19,7.53,2025-06
2025-06-20,Google Ads,418,14605,509,50,4579.56,3.49,9.82,0.82,8.36,10.96,2025-06
2025-06-20,Meta Ads,232,13115,772,7,300.07,5.89,0.91,0.3,33.14,1.29,2025-06
2025-06-20,TikTok Ads,62,7294,274,17,1373.9,3.76,6.2,0.23,3.65,22.16,2025-06
2025-06-20,Email,328,6757,518,33,2781.37,7.67,6.37,0.63,9.94,8.48,2025-06
2025-06-21,Google Ads,266,13595,1056,54,6374.01,7.77,5.11,0.25,4.93,23.96,2025-06
2025-06-21,Meta Ads,404,2969,111,5,654.01,3.74,4.5,3.64,80.8,1.62,2025-06
2025-06-21,TikTok Ads,410,11985,836,42,4006.71,6.98,5.02,0.49,9.76,9.77,2025-06
2025-06-21,Email,335,18275,1171,55,2222.77,6.41,4.7,0.29,6.09,6.64,2025-06
2025-06-22,Google Ads,322,5470,173,13,759.49,3.16,7.51,1.86,24.77,2.36,2025-06
2025-06-22,Meta Ads,418,11225,294,6,298.75,2.62,2.04,1.42,69.67,0.71,2025-06
2025-06-22,TikTok Ads,111,10556,444,12,539.45,4.21,2.7,0.25,9.25,4.86,2025-06
2025-06-22,Email,133,10206,660,17,1256.43,6.47,2.58,0.2,7.82,9.45,2025-06
2025-06-23,Google Ads,417,10991,848,28,1610.76,7.72,3.3,0.49,14.89,3.86,2025-06
2025-06-23,Meta Ads,266,8519,540,30,1685.89,6.34,5.56,0.49,8.87,6.34,2025-06
2025-06-23,TikTok Ads,391,14669,1024,20,731.26,6.98,1.95,0.38,19.55,1.87,2025-06
2025-06-23,Email,446,5612,293,25,803.01,5.22,8.53,1.52,17.84,1.8,2025-06
2025-06-24,Google Ads,236,13373,915,33,1396.96,6.84,3.61,0.26,7.15,5.92,2025-06
2025-06-24,Meta Ads,68,18582,1206,29,1469.25,6.49,2.4,0.06,2.34,21.61,2025-06
2025-06-24,TikTok Ads,226,16552,602,42,3432.16,3.64,6.98,0.38,5.38,15.19,2025-06
2025-06-24,Email,149,15646,761,10,912.62,4.86,1.31,0.2,14.9,6.12,2025-06
2025-06-25,Google Ads,445,6238,413,27,1265.52,6.62,6.54,1.08,16.48,2.84,2025-06
2025-06-25,Meta Ads,494,16577,219,15,1214.61,1.32,6.85,2.26,32.93,2.46,2025-06
2025-06-25,TikTok Ads,282,16504,1098,32,2272.32,6.65,2.91,0.26,8.81,8.06,2025-06
2025-06-25,Email,452,4719,105,1,52.01,2.23,0.95,4.3,452.0,0.12,2025-06
2025-06-26,Google Ads,125,1302,59,2,61.64,4.53,3.39,2.12,62.5,0.49,2025-06
2025-06-26,Meta Ads,314,13144,875,16,1376.67,6.66,1.83,0.36,19.62,4.38,2025-06
2025-06-26,TikTok Ads,333,18370,510,10,1122.78,2.78,1.96,0.65,33.3,3.37,2025-06
2025-06-26,Email,255,11055,300,9,514.38,2.71,3.0,0.85,28.33,2.02,2025-06
2025-06-27,Google Ads,272,5440,207,7,320.72,3.81,3.38,1.31,38.86,1.18,2025-06
2025-06-27,Meta Ads,433,4072,295,17,2319.57,7.24,5.76,1.47,25.47,5.36,2025-06
2025-06-27,TikTok Ads,101,14598,146,10,630.03,1.0,6.85,0.69,10.1,6.24,2025-06
2025-06-27,Email,388,15287,1117,70,3978.35,7.31,6.27,0.35,5.54,10.25,2025-06
2025-06-28,Google Ads,416,14965,310,7,929.96,2.07,2.26,1.34,59.43,2.24,2025-06
2025-06-28,Meta Ads,193,10519,834,21,2689.11,7.93,2.52,0.23,9.19,13.93,2025-06
2025-06-28,TikTok Ads,422,14380,1104,98,8212.55,7.68,8.88,0.38,4.31,19.46,2025-06
2025-06-28,Email,118,12865,574,34,3016.09,4.46,5.92,0.21,3.47,25.56,2025-06
2025-06-29,Google Ads,148,9125,418,36,2020.67,4.58,8.61,0.35,4.11,13.65,2025-06
2025-06-29,Meta Ads,445,4291,187,8,315.17,4.36,4.28,2.38,55.62,0.71,2025-06
2025-06-29,TikTok Ads,74,5033,274,17,1679.8,5.44,6.2,0.27,4.35,22.7,2025-06
2025-06-29,Email,485,6105,99,5,209.01,1.62,5.05,4.9,97.0,0.43,2025-06
2025-06-30,Google Ads,428,18087,222,8,671.3,1.23,3.6,1.93,53.5,1.57,2025-06
2025-06-30,Meta Ads,102,9133,128,6,857.16,1.4,4.69,0.8,17.0,8.4,2025-06
2025-06-30,TikTok Ads,200,17958,738,40,5773.61,4.11,5.42,0.27,5.0,28.87,2025-06
2025-06-30,Email,193,6704,196,5,293.6,2.92,2.55,0.98,38.6,1.52,2025-06
2025-07-01,Google Ads,106,8848,473,18,1888.08,5.35,3.81,0.22,5.89,17.81,2025-07
2025-07-01,Meta Ads,88,13975,1110,90,7820.02,7.94,8.11,0.08,0.98,88.86,2025-07
2025-07-01,TikTok Ads,158,7924,293,27,3647.22,3.7,9.22,0.54,5.85,23.08,2025-07
2025-07-01,Email,230,1488,74,3,187.72,4.97,4.05,3.11,76.67,0.82,2025-07
2025-07-02,Google Ads,91,8114,317,11,334.89,3.91,3.47,0.29,8.27,3.68,2025-07
2025-07-02,Meta Ads,235,16740,1160,31,1534.73,6.93,2.67,0.2,7.58,6.53,2025-07
2025-07-02,TikTok Ads,472,4173,305,21,1510.8,7.31,6.89,1.55,22.48,3.2,2025-07
2025-07-02,Email,447,2667,190,7,475.21,7.12,3.68,2.35,63.86,1.06,2025-07
2025-07-03,Google Ads,272,5114,399,39,4873.58,7.8,9.77,0.68,6.97,17.92,2025-07
2025-07-03,Meta Ads,171,4553,54,2,223.33,1.19,3.7,3.17,85.5,1.31,2025-07
2025-07-03,TikTok Ads,182,8761,602,27,1780.56,6.87,4.49,0.3,6.74,9.78,2025-07
2025-07-03,Email,212,2000,125,8,679.43,6.25,6.4,1.7,26.5,3.2,2025-07
2025-07-04,Google Ads,264,16638,432,35,1451.35,2.6,8.1,0.61,7.54,5.5,2025-07
2025-07-04,Meta Ads,270,18772,1444,75,10333.32,7.69,5.19,0.19,3.6,38.27,2025-07
2025-07-04,TikTok Ads,284,6450,131,6,853.51,2.03,4.58,2.17,47.33,3.01,2025-07
2025-07-04,Email,380,4712,271,26,3836.99,5.75,9.59,1.4,14.62,10.1,2025-07
2025-07-05,Google Ads,195,2367,60,0,0.0,2.53,0.0,3.25,,0.0,2025-07
2025-07-05,Meta Ads,288,9189,369,33,1678.89,4.02,8.94,0.78,8.73,5.83,2025-07
2025-07-05,TikTok Ads,125,10013,604,14,497.61,6.03,2.32,0.21,8.93,3.98,2025-07
2025-07-05,Email,58,17838,881,71,7068.16,4.94,8.06,0.07,0.82,121.86,2025-07
2025-07-06,Google Ads,123,4726,188,12,1674.15,3.98,6.38,0.65,10.25,13.61,2025-07
2025-07-06,Meta Ads,491,5806,190,7,358.98,3.27,3.68,2.58,70.14,0.73,2025-07
2025-07-06,TikTok Ads,450,3190,219,19,586.06,6.87,8.68,2.05,23.68,1.3,2025-07
2025-07-06,Email,302,10108,202,2,253.32,2.0,0.99,1.5,151.0,0.84,2025-07
2025-07-07,Google Ads,279,13178,528,16,627.45,4.01,3.03,0.53,17.44,2.25,2025-07
2025-07-07,Meta Ads,56,3875,283,17,1353.96,7.3,6.01,0.2,3.29,24.18,2025-07
2025-07-07,TikTok Ads,223,6592,456,18,2006.4,6.92,3.95,0.49,12.39,9.0,2025-07
2025-07-07,Email,190,18824,716,46,2687.12,3.8,6.42,0.27,4.13,14.14,2025-07
2025-07-08,Google Ads,217,13592,861,10,400.76,6.33,1.16,0.25,21.7,1.85,2025-07
2025-07-08,Meta Ads,219,9927,671,13,1591.23,6.76,1.94,0.33,16.85,7.27,2025-07
2025-07-08,TikTok Ads,442,15437,1114,23,2429.28,7.22,2.06,0.4,19.22,5.5,2025-07
2025-07-08,Email,483,12530,602,16,2377.9,4.8,2.66,0.8,30.19,4.92,2025-07
2025-07-09,Google Ads,332,8010,194,9,641.85,2.42,4.64,1.71,36.89,1.93,2025-07
2025-07-09,Meta Ads,171,12207,340,26,972.7,2.79,7.65,0.5,6.58,5.69,2025-07
2025-07-09,TikTok Ads,243,3989,122,11,1299.34,3.06,9.02,1.99,22.09,5.35,2025-07
2025-07-09,Email,54,13040,672,57,5278.66,5.15,8.48,0.08,0.95,97.75,2025-07
2025-07-10,Google Ads,78,10218,125,3,166.75,1.22,2.4,0.62,26.0,2.14,2025-07
2025-07-10,Meta Ads,214,7471,407,20,2476.15,5.45,4.91,0.53,10.7,11.57,2025-07
2025-07-10,TikTok Ads,471,3863,137,3,163.35,3.55,2.19,3.44,157.0,0.35,2025-07
2025-07-10,Email,388,11693,358,12,735.35,3.06,3.35,1.08,32.33,1.9,2025-07
2025-07-11,Google Ads,185,2177,155,8,328.83,7.12,5.16,1.19,23.12,1.78,2025-07
2025-07-11,Meta Ads,414,5760,243,3,233.8,4.22,1.23,1.7,138.0,0.56,2025-07
2025-07-11,TikTok Ads,370,1011,16,0,0.0,1.58,0.0,23.12,,0.0,2025-07
2025-07-11,Email,391,17353,1177,110,10092.22,6.78,9.35,0.33,3.55,25.81,2025-07
2025-07-12,Google Ads,194,12556,167,8,920.61,1.33,4.79,1.16,24.25,4.75,2025-07
2025-07-12,Meta Ads,376,12563,764,38,5271.82,6.08,4.97,0.49,9.89,14.02,2025-07
2025-07-12,TikTok Ads,266,15051,965,10,465.28,6.41,1.04,0.28,26.6,1.75,2025-07
2025-07-12,Email,350,12022,416,13,474.78,3.46,3.12,0.84,26.92,1.36,2025-07
2025-07-13,Google Ads,181,9234,625,54,1740.08,6.77,8.64,0.29,3.35,9.61,2025-07
2025-07-13,Meta Ads,341,17173,791,19,897.46,4.61,2.4,0.43,17.95,2.63,2025-07
2025-07-13,TikTok Ads,119,14178,601,28,3050.71,4.24,4.66,0.2,4.25,25.64,2025-07
2025-07-13,Email,301,7570,99,1,117.3,1.31,1.01,3.04,301.0,0.39,2025-07
2025-07-14,Google Ads,464,1406,42,2,248.76,2.99,4.76,11.05,232.0,0.54,2025-07
2025-07-14,Meta Ads,324,10206,767,9,533.2,7.52,1.17,0.42,36.0,1.65,2025-07
2025-07-14,TikTok Ads,494,5431,203,17,1134.03,3.74,8.37,2.43,29.06,2.3,2025-07
2025-07-14,Email,413,7542,364,30,2639.28,4.83,8.24,1.13,13.77,6.39,2025-07
2025-07-15,Google Ads,231,9906,467,37,1390.53,4.71,7.92,0.49,6.24,6.02,2025-07
2025-07-15,Meta Ads,216,5146,264,9,930.03,5.13,3.41,0.82,24.0,4.31,2025-07
2025-07-15,TikTok Ads,140,13046,186,15,2220.72,1.43,8.06,0.75,9.33,15.86,2025-07
2025-07-15,Email,251,13611,481,28,2052.31,3.53,5.82,0.52,8.96,8.18,2025-07
2025-07-16,Google Ads,395,14076,853,37,4452.64,6.06,4.34,0.46,10.68,11.27,2025-07
2025-07-16,Meta Ads,68,17524,421,27,2430.11,2.4,6.41,0.16,2.52,35.74,2025-07
2025-07-16,TikTok Ads,88,5882,142,1,45.34,2.41,0.7,0.62,88.0,0.52,2025-07
2025-07-16,Email,175,15113,161,3,299.61,1.07,1.86,1.09,58.33,1.71,2025-07
2025-07-17,Google Ads,222,14645,594,45,2969.32,4.06,7.58,0.37,4.93,13.38,2025-07
2025-07-17,Meta Ads,190,7012,503,16,546.05,7.17,3.18,0.38,11.88,2.87,2025-07
2025-07-17,TikTok Ads,291,18347,250,15,1592.87,1.36,6.0,1.16,19.4,5.47,2025-07
2025-07-17,Email,269,8151,190,8,1064.58,2.33,4.21,1.42,33.62,3.96,2025-07
2025-07-18,Google Ads,175,4610,146,12,856.47,3.17,8.22,1.2,14.58,4.89,2025-07
2025-07-18,Meta Ads,107,10884,666,63,4840.63,6.12,9.46,0.16,1.7,45.24,2025-07
2025-07-18,TikTok Ads,197,7894,432,38,5203.06,5.47,8.8,0.46,5.18,26.41,2025-07
2025-07-18,Email,366,14467,565,19,2425.03,3.91,3.36,0.65,19.26,6.63,2025-07
2025-07-19,Google Ads,432,17489,1104,30,3473.83,6.31,2.72,0.39,14.4,8.04,2025-07
2025-07-19,Meta Ads,410,10873,572,30,1795.67,5.26,5.24,0.72,13.67,4.38,2025-07
2025-07-19,TikTok Ads,472,13289,966,10,1392.26,7.27,1.04,0.49,47.2,2.95,2025-07
2025-07-19,Email,50,13208,888,10,485.3,6.72,1.13,0.06,5.0,9.71,2025-07
2025-07-20,Google Ads,436,11828,327,19,1999.04,2.76,5.81,1.33,22.95,4.58,2025-07
2025-07-20,Meta Ads,397,3137,90,5,167.28,2.87,5.56,4.41,79.4,0.42,2025-07
2025-07-20,TikTok Ads,239,2286,42,4,428.99,1.84,9.52,5.69,59.75,1.79,2025-07
2025-07-20,Email,240,16710,561,15,948.86,3.36,2.67,0.43,16.0,3.95,2025-07
2025-07-21,Google Ads,418,12371,989,32,2686.76,7.99,3.24,0.42,13.06,6.43,2025-07
2025-07-21,Meta Ads,458,16945,650,13,928.61,3.84,2.0,0.7,35.23,2.03,2025-07
2025-07-21,TikTok Ads,361,8052,204,18,913.15,2.53,8.82,1.77,20.06,2.53,2025-07
2025-07-21,Email,466,4654,294,23,2406.67,6.32,7.82,1.59,20.26,5.16,2025-07
2025-07-22,Google Ads,471,19743,947,79,10731.13,4.8,8.34,0.5,5.96,22.78,2025-07
2025-07-22,Meta Ads,166,16600,339,30,4352.7,2.04,8.85,0.49,5.53,26.22,2025-07
2025-07-22,TikTok Ads,183,9636,353,20,1061.63,3.66,5.67,0.52,9.15,5.8,2025-07
2025-07-22,Email,107,7441,290,14,1625.19,3.9,4.83,0.37,7.64,15.19,2025-07
2025-07-23,Google Ads,93,10667,669,26,2852.74,6.27,3.89,0.14,3.58,30.67,2025-07
2025-07-23,Meta Ads,222,13149,150,9,640.85,1.14,6.0,1.48,24.67,2.89,2025-07
2025-07-23,TikTok Ads,209,2798,80,4,129.17,2.86,5.0,2.61,52.25,0.62,2025-07
2025-07-23,Email,222,10600,490,24,2706.6,4.62,4.9,0.45,9.25,12.19,2025-07
2025-07-24,Google Ads,366,6495,187,17,2438.81,2.88,9.09,1.96,21.53,6.66,2025-07
2025-07-24,Meta Ads,352,10900,588,57,6033.7,5.39,9.69,0.6,6.18,17.14,2025-07
2025-07-24,TikTok Ads,198,14673,641,52,4276.23,4.37,8.11,0.31,3.81,21.6,2025-07
2025-07-24,Email,129,12130,428,33,3069.61,3.53,7.71,0.3,3.91,23.8,2025-07
2025-07-25,Google Ads,423,16222,1240,88,4748.08,7.64,7.1,0.34,4.81,11.22,2025-07
2025-07-25,Meta Ads,262,2300,124,3,360.2,5.39,2.42,2.11,87.33,1.37,2025-07
2025-07-25,TikTok Ads,252,10435,199,3,358.71,1.91,1.51,1.27,84.0,1.42,2025-07
2025-07-25,Email,301,5616,276,19,901.78,4.91,6.88,1.09,15.84,3.0,2025-07
2025-07-26,Google Ads,278,17393,1124,84,11370.02,6.46,7.47,0.25,3.31,40.9,2025-07
2025-07-26,Meta Ads,213,11617,692,9,560.72,5.96,1.3,0.31,23.67,2.63,2025-07
2025-07-26,TikTok Ads,276,6752,148,13,1922.32,2.19,8.78,1.86,21.23,6.96,2025-07
2025-07-26,Email,196,10852,847,15,1139.23,7.81,1.77,0.23,13.07,5.81,2025-07
2025-07-27,Google Ads,69,7295,302,10,513.46,4.14,3.31,0.23,6.9,7.44,2025-07
2025-07-27,Meta Ads,490,18456,390,27,1949.57,2.11,6.92,1.26,18.15,3.98,2025-07
2025-07-27,TikTok Ads,451,4225,95,2,165.64,2.25,2.11,4.75,225.5,0.37,2025-07
2025-07-27,Email,96,2316,39,0,0.0,1.68,0.0,2.46,,0.0,2025-07
2025-07-28,Google Ads,282,13337,883,35,3478.52,6.62,3.96,0.32,8.06,12.34,2025-07
2025-07-28,Meta Ads,354,7807,144,11,1118.87,1.84,7.64,2.46,32.18,3.16,2025-07
2025-07-28,TikTok Ads,63,4683,87,4,474.69,1.86,4.6,0.72,15.75,7.53,2025-07
2025-07-28,Email,192,8227,572,39,1306.52,6.95,6.82,0.34,4.92,6.8,2025-07
2025-07-29,Google Ads,464,4273,145,9,854.54,3.39,6.21,3.2,51.56,1.84,2025-07
2025-07-29,Meta Ads,50,1145,13,0,0.0,1.14,0.0,3.85,,0.0,2025-07
2025-07-29,TikTok Ads,422,6010,81,8,913.1,1.35,9.88,5.21,52.75,2.16,2025-07
2025-07-29,Email,103,17035,339,4,146.75,1.99,1.18,0.3,25.75,1.42,2025-07
2025-07-30,Google Ads,423,4040,100,9,1254.67,2.48,9.0,4.23,47.0,2.97,2025-07
2025-07-30,Meta Ads,308,10654,602,35,3998.75,5.65,5.81,0.51,8.8,12.98,2025-07
2025-07-30,TikTok Ads,193,17866,375,36,3271.92,2.1,9.6,0.51,5.36,16.95,2025-07
2025-07-30,Email,490,18633,341,6,497.88,1.83,1.76,1.44,81.67,1.02,2025-07
2025-07-31,Google Ads,61,18014,1144,61,2786.52,6.35,5.33,0.05,1.0,45.68,2025-07
2025-07-31,Meta Ads,379,15996,911,23,1493.16,5.7,2.52,0.42,16.48,3.94,2025-07
2025-07-31,TikTok Ads,273,17336,701,10,1342.75,4.04,1.43,0.39,27.3,4.92,2025-07
2025-07-31,Email,321,9853,477,31,4294.56,4.84,6.5,0.67,10.35,13.38,2025-07
2025-08-01,Google Ads,407,12695,404,11,330.99,3.18,2.72,1.01,37.0,0.81,2025-08
2025-08-01,Meta Ads,457,3852,168,10,1012.96,4.36,5.95,2.72,45.7,2.22,2025-08
2025-08-01,TikTok Ads,205,17014,773,15,1744.74,4.54,1.94,0.27,13.67,8.51,2025-08
2025-08-01,Email,422,1987,73,2,208.5,3.67,2.74,5.78,211.0,0.49,2025-08
2025-08-02,Google Ads,57,8622,633,50,1990.08,7.34,7.9,0.09,1.14,34.91,2025-08
2025-08-02,Meta Ads,171,10160,113,5,280.63,1.11,4.42,1.51,34.2,1.64,2025-08
2025-08-02,TikTok Ads,397,18484,1196,79,4743.23,6.47,6.61,0.33,5.03,11.95,2025-08
2025-08-02,Email,213,7652,143,9,1168.26,1.87,6.29,1.49,23.67,5.48,2025-08
2025-08-03,Google Ads,139,8421,554,47,4022.44,6.58,8.48,0.25,2.96,28.94,2025-08
2025-08-03,Meta Ads,185,1769,93,3,265.26,5.26,3.23,1.99,61.67,1.43,2025-08
2025-08-03,TikTok Ads,235,18727,1292,92,13081.22,6.9,7.12,0.18,2.55,55.66,2025-08
2025-08-03,Email,365,15114,254,24,2554.81,1.68,9.45,1.44,15.21,7.0,2025-08
2025-08-04,Google Ads,227,5358,263,19,2618.96,4.91,7.22,0.86,11.95,11.54,2025-08
2025-08-04,Meta Ads,77,12543,565,30,2543.43,4.5,5.31,0.14,2.57,33.03,2025-08
2025-08-04,TikTok Ads,269,19733,1172,78,3738.72,5.94,6.66,0.23,3.45,13.9,2025-08
2025-08-04,Email,406,6699,317,24,3398.21,4.73,7.57,1.28,16.92,8.37,2025-08
2025-08-05,Google Ads,90,18625,891,58,4932.59,4.78,6.51,0.1,1.55,54.81,2025-08
2025-08-05,Meta Ads,277,2125,85,0,0.0,4.0,0.0,3.26,,0.0,2025-08
2025-08-05,TikTok Ads,241,11793,372,10,662.87,3.15,2.69,0.65,24.1,2.75,2025-08
2025-08-05,Email,460,7764,339,28,1010.7,4.37,8.26,1.36,16.43,2.2,2025-08
2025-08-06,Google Ads,496,13323,243,8,689.57,1.82,3.29,2.04,62.0,1.39,2025-08
2025-08-06,Meta Ads,194,14031,1084,82,10854.78,7.73,7.56,0.18,2.37,55.95,2025-08
2025-08-06,TikTok Ads,250,15052,903,39,5539.16,6.0,4.32,0.28,6.41,22.16,2025-08
2025-08-06,Email,466,13640,1045,59,8372.82,7.66,5.65,0.45,7.9,17.97,2025-08
2025-08-07,Google Ads,261,8843,228,3,135.08,2.58,1.32,1.14,87.0,0.52,2025-08
2025-08-07,Meta Ads,269,15210,1088,28,2123.7,7.15,2.57,0.25,9.61,7.89,2025-08
2025-08-07,TikTok Ads,289,17456,1162,111,3706.01,6.66,9.55,0.25,2.6,12.82,2025-08
2025-08-07,Email,462,11106,637,57,7559.33,5.74,8.95,0.73,8.11,16.36,2025-08
2025-08-08,Google Ads,446,6189,332,22,1607.12,5.36,6.63,1.34,20.27,3.6,2025-08
2025-08-08,Meta Ads,95,3472,111,5,528.67,3.2,4.5,0.86,19.0,5.56,2025-08
2025-08-08,TikTok Ads,84,18091,1214,85,9841.96,6.71,7.0,0.07,0.99,117.17,2025-08
2025-08-08,Email,302,19188,865,56,4568.56,4.51,6.47,0.35,5.39,15.13,2025-08
2025-08-09,Google Ads,439,7704,115,7,467.41,1.49,6.09,3.82,62.71,1.06,2025-08
2025-08-09,Meta Ads,131,4713,150,2,290.93,3.18,1.33,0.87,65.5,2.22,2025-08
2025-08-09,TikTok Ads,420,6051,456,30,4372.16,7.54,6.58,0.92,14.0,10.41,2025-08
2025-08-09,Email,305,11756,817,64,4142.87,6.95,7.83,0.37,4.77,13.58,2025-08
2025-08-10,Google Ads,246,3475,273,27,2363.99,7.86,9.89,0.9,9.11,9.61,2025-08
2025-08-10,Meta Ads,352,4610,248,2,293.48,5.38,0.81,1.42,176.0,0.83,2025-08
2025-08-10,TikTok Ads,458,5255,143,10,305.84,2.72,6.99,3.2,45.8,0.67,2025-08
2025-08-10,Email,499,15484,331,20,1590.43,2.14,6.04,1.51,24.95,3.19,2025-08
2025-08-11,Google Ads,59,2735,63,3,126.16,2.3,4.76,0.94,19.67,2.14,2025-08
2025-08-11,Meta Ads,361,9258,105,2,182.2,1.13,1.9,3.44,180.5,0.5,2025-08
2025-08-11,TikTok Ads,335,8979,335,15,494.41,3.73,4.48,1.0,22.33,1.48,2025-08
2025-08-11,Email,291,3428,80,3,236.48,2.33,3.75,3.64,97.0,0.81,2025-08
2025-08-12,Google Ads,300,13345,517,19,1073.19,3.87,3.68,0.58,15.79,3.58,2025-08
2025-08-12,Meta Ads,414,8426,635,48,4511.86,7.54,7.56,0.65,8.62,10.9,2025-08
2025-08-12,TikTok Ads,54,9533,382,27,4037.02,4.01,7.07,0.14,2.0,74.76,2025-08
2025-08-12,Email,168,6249,446,28,3529.8,7.14,6.28,0.38,6.0,21.01,2025-08
2025-08-13,Google Ads,338,10686,559,52,6836.81,5.23,9.3,0.6,6.5,20.23,2025-08
2025-08-13,Meta Ads,423,15109,412,17,1805.94,2.73,4.13,1.03,24.88,4.27,2025-08
2025-08-13,TikTok Ads,114,1661,57,1,34.99,3.43,1.75,2.0,114.0,0.31,2025-08
2025-08-13,Email,195,13075,207,14,767.42,1.58,6.76,0.94,13.93,3.94,2025-08
2025-08-14,Google Ads,273,15788,526,14,1974.11,3.33,2.66,0.52,19.5,7.23,2025-08
2025-08-14,Meta Ads,288,11060,635,24,1774.41,5.74,3.78,0.45,12.0,6.16,2025-08
2025-08-14,TikTok Ads,226,16836,253,7,297.05,1.5,2.77,0.89,32.29,1.31,2025-08
2025-08-14,Email,316,11526,280,4,457.15,2.43,1.43,1.13,79.0,1.45,2025-08
2025-08-15,Google Ads,390,4374,160,13,857.15,3.66,8.12,2.44,30.0,2.2,2025-08
2025-08-15,Meta Ads,331,1207,95,3,186.79,7.87,3.16,3.48,110.33,0.56,2025-08
2025-08-15,TikTok Ads,112,3665,238,12,1797.09,6.49,5.04,0.47,9.33,16.05,2025-08
2025-08-15,Email,266,19877,1219,16,2127.63,6.13,1.31,0.22,16.62,8.0,2025-08
2025-08-16,Google Ads,391,1632,29,2,157.91,1.78,6.9,13.48,195.5,0.4,2025-08
2025-08-16,Meta Ads,364,4083,264,10,1476.31,6.47,3.79,1.38,36.4,4.06,2025-08
2025-08-16,TikTok Ads,332,14711,955,73,7884.99,6.49,7.64,0.35,4.55,23.75,2025-08
2025-08-16,Email,226,11123,579,27,3214.15,5.21,4.66,0.39,8.37,14.22,2025-08
2025-08-17,Google Ads,466,8123,644,17,574.29,7.93,2.64,0.72,27.41,1.23,2025-08
2025-08-17,Meta Ads,147,11754,385,21,936.45,3.28,5.45,0.38,7.0,6.37,2025-08
2025-08-17,TikTok Ads,154,2679,203,4,423.88,7.58,1.97,0.76,38.5,2.75,2025-08
2025-08-17,Email,148,16901,1251,62,8548.74,7.4,4.96,0.12,2.39,57.76,2025-08
2025-08-18,Google Ads,434,1236,13,0,0.0,1.05,0.0,33.38,,0.0,2025-08
2025-08-18,Meta Ads,454,8446,350,32,1474.66,4.14,9.14,1.3,14.19,3.25,2025-08
2025-08-18,TikTok Ads,360,5443,426,6,263.35,7.83,1.41,0.85,60.0,0.73,2025-08
2025-08-18,Email,55,16463,283,20,2626.05,1.72,7.07,0.19,2.75,47.75,2025-08
2025-08-19,Google Ads,246,9555,461,12,560.6,4.82,2.6,0.53,20.5,2.28,2025-08
2025-08-19,Meta Ads,400,19752,1551,60,5545.67,7.85,3.87,0.26,6.67,13.86,2025-08
2025-08-19,TikTok Ads,182,17669,863,40,1378.14,4.88,4.63,0.21,4.55,7.57,2025-08
2025-08-19,Email,407,1148,26,2,79.36,2.26,7.69,15.65,203.5,0.19,2025-08
2025-08-20,Google Ads,308,14395,730,23,2545.68,5.07,3.15,0.42,13.39,8.27,2025-08
2025-08-20,Meta Ads,486,5895,143,2,225.4,2.43,1.4,3.4,243.0,0.46,2025-08
2025-08-20,TikTok Ads,72,18396,853,32,2271.24,4.64,3.75,0.08,2.25,31.54,2025-08
2025-08-20,Email,102,12023,182,3,167.62,1.51,1.65,0.56,34.0,1.64,2025-08
2025-08-21,Google Ads,214,11699,612,13,1659.39,5.23,2.12,0.35,16.46,7.75,2025-08
2025-08-21,Meta Ads,251,10715,494,30,1681.57,4.61,6.07,0.51,8.37,6.7,2025-08
2025-08-21,TikTok Ads,132,17163,1060,16,1520.69,6.18,1.51,0.12,8.25,11.52,2025-08
2025-08-21,Email,194,6782,367,4,584.74,5.41,1.09,0.53,48.5,3.01,2025-08
2025-08-22,Google Ads,134,19792,959,71,3389.7,4.85,7.4,0.14,1.89,25.3,2025-08
2025-08-22,Meta Ads,127,17724,1033,43,6144.92,5.83,4.16,0.12,2.95,48.39,2025-08
2025-08-22,TikTok Ads,415,3817,76,1,51.95,1.99,1.32,5.46,415.0,0.13,2025-08
2025-08-22,Email,50,16096,831,27,2648.52,5.16,3.25,0.06,1.85,52.97,2025-08
2025-08-23,Google Ads,100,19880,438,29,2181.99,2.2,6.62,0.23,3.45,21.82,2025-08
2025-08-23,Meta Ads,222,6299,471,16,2332.66,7.48,3.4,0.47,13.88,10.51,2025-08
2025-08-23,TikTok Ads,254,10917,161,8,502.6,1.47,4.97,1.58,31.75,1.98,2025-08
2025-08-23,Email,309,19073,765,16,1247.34,4.01,2.09,0.4,19.31,4.04,2025-08
2025-08-24,Google Ads,495,4267,250,15,2219.15,5.86,6.0,1.98,33.0,4.48,2025-08
2025-08-24,Meta Ads,498,5406,227,8,755.01,4.2,3.52,2.19,62.25,1.52,2025-08
2025-08-24,TikTok Ads,418,18826,309,20,1806.31,1.64,6.47,1.35,20.9,4.32,2025-08
2025-08-24,Email,337,11382,554,45,2742.0,4.87,8.12,0.61,7.49,8.14,2025-08
2025-08-25,Google Ads,83,5437,298,19,2169.11,5.48,6.38,0.28,4.37,26.13,2025-08
2025-08-25,Meta Ads,397,6435,381,13,412.42,5.92,3.41,1.04,30.54,1.04,2025-08
2025-08-25,TikTok Ads,144,5107,184,6,215.65,3.6,3.26,0.78,24.0,1.5,2025-08
2025-08-25,Email,121,1560,77,3,305.77,4.94,3.9,1.57,40.33,2.53,2025-08
2025-08-26,Google Ads,88,13329,553,13,923.01,4.15,2.35,0.16,6.77,10.49,2025-08
2025-08-26,Meta Ads,203,2826,161,4,577.59,5.7,2.48,1.26,50.75,2.85,2025-08
2025-08-26,TikTok Ads,299,12421,631,51,7057.53,5.08,8.08,0.47,5.86,23.6,2025-08
2025-08-26,Email,211,13265,620,27,3122.41,4.67,4.35,0.34,7.81,14.8,2025-08
2025-08-27,Google Ads,487,8629,237,11,1409.95,2.75,4.64,2.05,44.27,2.9,2025-08
2025-08-27,Meta Ads,167,9325,94,5,550.4,1.01,5.32,1.78,33.4,3.3,2025-08
2025-08-27,TikTok Ads,308,8693,192,12,540.84,2.21,6.25,1.6,25.67,1.76,2025-08
2025-08-27,Email,428,9264,168,2,243.73,1.81,1.19,2.55,214.0,0.57,2025-08
2025-08-28,Google Ads,355,13686,567,48,2650.71,4.14,8.47,0.63,7.4,7.47,2025-08
2025-08-28,Meta Ads,317,14716,777,20,1376.26,5.28,2.57,0.41,15.85,4.34,2025-08
2025-08-28,TikTok Ads,498,7721,192,14,1796.31,2.49,7.29,2.59,35.57,3.61,2025-08
2025-08-28,Email,103,8373,634,50,4719.15,7.57,7.89,0.16,2.06,45.82,2025-08
2025-08-29,Google Ads,285,6907,72,5,665.96,1.04,6.94,3.96,57.0,2.34,2025-08
2025-08-29,Meta Ads,438,17127,1097,68,3778.37,6.41,6.2,0.4,6.44,8.63,2025-08
2025-08-29,TikTok Ads,271,6656,357,4,411.73,5.36,1.12,0.76,67.75,1.52,2025-08
2025-08-29,Email,300,9984,360,15,600.82,3.61,4.17,0.83,20.0,2.0,2025-08
2025-08-30,Google Ads,362,9286,125,8,857.34,1.35,6.4,2.9,45.25,2.37,2025-08
2025-08-30,Meta Ads,450,6901,372,16,1944.07,5.39,4.3,1.21,28.12,4.32,2025-08
2025-08-30,TikTok Ads,161,5917,218,19,1903.64,3.68,8.72,0.74,8.47,11.82,2025-08
2025-08-30,Email,304,9429,712,26,1610.64,7.55,3.65,0.43,11.69,5.3,2025-08
2025-08-31,Google Ads,352,15716,753,27,911.55,4.79,3.59,0.47,13.04,2.59,2025-08
2025-08-31,Meta Ads,456,16795,1272,43,1906.36,7.57,3.38,0.36,10.6,4.18,2025-08
2025-08-31,TikTok Ads,256,12138,308,12,1256.12,2.54,3.9,0.83,21.33,4.91,2025-08
2025-08-31,Email,278,3530,214,12,1705.57,6.06,5.61,1.3,23.17,6.14,2025-08
2025-09-01,Google Ads,390,19344,1029,75,4108.81,5.32,7.29,0.38,5.2,10.54,2025-09
2025-09-01,Meta Ads,447,18432,1138,79,9338.05,6.17,6.94,0.39,5.66,20.89,2025-09
2025-09-01,TikTok Ads,115,6772,169,13,1741.66,2.5,7.69,0.68,8.85,15.14,2025-09
2025-09-01,Email,124,16476,931,83,7677.99,5.65,8.92,0.13,1.49,61.92,2025-09
2025-09-02,Google Ads,484,19913,893,74,8163.08,4.48,8.29,0.54,6.54,16.87,2025-09
2025-09-02,Meta Ads,152,16751,1038,12,1533.62,6.2,1.16,0.15,12.67,10.09,2025-09
2025-09-02,TikTok Ads,471,3964,130,9,551.53,3.28,6.92,3.62,52.33,1.17,2025-09
2025-09-02,Email,241,8137,588,16,1050.04,7.23,2.72,0.41,15.06,4.36,2025-09
2025-09-03,Google Ads,301,18347,291,6,180.45,1.59,2.06,1.03,50.17,0.6,2025-09
2025-09-03,Meta Ads,275,17920,1191,80,11645.7,6.65,6.72,0.23,3.44,42.35,2025-09
2025-09-03,TikTok Ads,343,14891,1046,40,5604.22,7.02,3.82,0.33,8.57,16.34,2025-09
2025-09-03,Email,355,8340,560,8,973.99,6.71,1.43,0.63,44.38,2.74,2025-09
2025-09-04,Google Ads,147,8967,411,9,355.4,4.58,2.19,0.36,16.33,2.42,2025-09
2025-09-04,Meta Ads,387,13415,545,5,418.5,4.06,0.92,0.71,77.4,1.08,2025-09
2025-09-04,TikTok Ads,335,12871,1026,93,3927.11,7.97,9.06,0.33,3.6,11.72,2025-09
2025-09-04,Email,384,12916,336,4,127.64,2.6,1.19,1.14,96.0,0.33,2025-09
2025-09-05,Google Ads,396,9734,469,13,1351.25,4.82,2.77,0.84,30.46,3.41,2025-09
2025-09-05,Meta Ads,484,1845,105,4,581.2,5.69,3.81,4.61,121.0,1.2,2025-09
2025-09-05,TikTok Ads,496,3494,206,8,1106.75,5.9,3.88,2.41,62.0,2.23,2025-09
2025-09-05,Email,357,13677,332,30,3408.32,2.43,9.04,1.08,11.9,9.55,2025-09
2025-09-06,Google Ads,298,19268,1074,14,582.36,5.57,1.3,0.28,21.29,1.95,2025-09
2025-09-06,Meta Ads,215,13330,896,50,3144.98,6.72,5.58,0.24,4.3,14.63,2025-09
2025-09-06,TikTok Ads,384,6179,83,5,342.03,1.34,6.02,4.63,76.8,0.89,2025-09
2025-09-06,Email,79,7610,561,52,6322.06,7.37,9.27,0.14,1.52,80.03,2025-09
2025-09-07,Google Ads,296,7430,89,5,631.35,1.2,5.62,3.33,59.2,2.13,2025-09
2025-09-07,Meta Ads,155,8154,284,23,1752.89,3.48,8.1,0.55,6.74,11.31,2025-09
2025-09-07,TikTok Ads,100,14828,164,2,160.29,1.11,1.22,0.61,50.0,1.6,2025-09
2025-09-07,Email,130,11145,171,7,247.39,1.53,4.09,0.76,18.57,1.9,2025-09
2025-09-08,Google Ads,182,7488,552,24,1552.71,7.37,4.35,0.33,7.58,8.53,2025-09
2025-09-08,Meta Ads,334,4850,168,15,1262.31,3.46,8.93,1.99,22.27,3.78,2025-09
2025-09-08,TikTok Ads,437,18073,718,16,704.61,3.97,2.23,0.61,27.31,1.61,2025-09
2025-09-08,Email,187,14564,365,8,675.14,2.51,2.19,0.51,23.38,3.61,2025-09
2025-09-09,Google Ads,233,6078,314,12,1588.57,5.17,3.82,0.74,19.42,6.82,2025-09
2025-09-09,Meta Ads,450,13168,679,10,997.59,5.16,1.47,0.66,45.0,2.22,2025-09
2025-09-09,TikTok Ads,379,6448,232,6,236.83,3.6,2.59,1.63,63.17,0.62,2025-09
2025-09-09,Email,322,18563,618,59,3127.03,3.33,9.55,0.52,5.46,9.71,2025-09
2025-09-10,Google Ads,389,10074,724,35,3043.09,7.19,4.83,0.54,11.11,7.82,2025-09
2025-09-10,Meta Ads,118,7406,272,18,1320.81,3.67,6.62,0.43,6.56,11.19,2025-09
2025-09-10,TikTok Ads,83,9800,436,32,2337.51,4.45,7.34,0.19,2.59,28.16,2025-09
2025-09-10,Email,311,15083,449,19,1776.73,2.98,4.23,0.69,16.37,5.71,2025-09
2025-09-11,Google Ads,102,2638,171,3,300.38,6.48,1.75,0.6,34.0,2.94,2025-09
2025-09-11,Meta Ads,499,11340,428,12,1507.48,3.77,2.8,1.17,41.58,3.02,2025-09
2025-09-11,TikTok Ads,254,2382,109,4,283.66,4.58,3.67,2.33,63.5,1.12,2025-09
2025-09-11,Email,175,2403,66,4,506.62,2.75,6.06,2.65,43.75,2.89,2025-09
2025-09-12,Google Ads,284,10011,792,36,2542.8,7.91,4.55,0.36,7.89,8.95,2025-09
2025-09-12,Meta Ads,92,4292,130,1,36.65,3.03,0.77,0.71,92.0,0.4,2025-09
2025-09-12,TikTok Ads,289,10011,640,36,3474.09,6.39,5.62,0.45,8.03,12.02,2025-09
2025-09-12,Email,420,1419,56,5,502.74,3.95,8.93,7.5,84.0,1.2,2025-09
2025-09-13,Google Ads,160,13411,327,27,3837.91,2.44,8.26,0.49,5.93,23.99,2025-09
2025-09-13,Meta Ads,298,5517,364,30,3513.82,6.6,8.24,0.82,9.93,11.79,2025-09
2025-09-13,TikTok Ads,200,16422,547,44,6165.84,3.33,8.04,0.37,4.55,30.83,2025-09
2025-09-13,Email,232,10700,755,29,4031.05,7.06,3.84,0.31,8.0,17.38,2025-09
2025-09-14,Google Ads,385,6693,495,39,3999.41,7.4,7.88,0.78,9.87,10.39,2025-09
2025-09-14,Meta Ads,144,1767,124,2,186.66,7.02,1.61,1.16,72.0,1.3,2025-09
2025-09-14,TikTok Ads,423,19428,241,16,1550.29,1.24,6.64,1.76,26.44,3.66,2025-09
2025-09-14,Email,449,15818,1030,69,10170.58,6.51,6.7,0.44,6.51,22.65,2025-09
2025-09-15,Google Ads,57,2549,98,1,122.78,3.84,1.02,0.58,57.0,2.15,2025-09
2025-09-15,Meta Ads,437,10956,779,63,2693.37,7.11,8.09,0.56,6.94,6.16,2025-09
2025-09-15,TikTok Ads,409,7140,390,35,4319.4,5.46,8.97,1.05,11.69,10.56,2025-09
2025-09-15,Email,437,11837,809,27,1362.54,6.83,3.34,0.54,16.19,3.12,2025-09
2025-09-16,Google Ads,233,4716,212,17,1422.6,4.5,8.02,1.1,13.71,6.11,2025-09
2025-09-16,Meta Ads,330,5481,260,4,221.02,4.74,1.54,1.27,82.5,0.67,2025-09
2025-09-16,TikTok Ads,244,7548,151,9,1014.75,2.0,5.96,1.62,27.11,4.16,2025-09
2025-09-16,Email,401,19677,1276,68,9198.85,6.48,5.33,0.31,5.9,22.94,2025-09
2025-09-17,Google Ads,244,5837,229,13,842.96,3.92,5.68,1.07,18.77,3.45,2025-09
2025-09-17,Meta Ads,204,8758,394,36,1434.29,4.5,9.14,0.52,5.67,7.03,2025-09
2025-09-17,TikTok Ads,142,11900,772,68,4475.7,6.49,8.81,0.18,2.09,31.52,2025-09
2025-09-17,Email,209,8993,466,37,4095.29,5.18,7.94,0.45,5.65,19.59,2025-09
2025-09-18,Google Ads,483,6542,157,5,347.26,2.4,3.18,3.08,96.6,0.72,2025-09
2025-09-18,Meta Ads,110,15828,812,74,4689.64,5.13,9.11,0.14,1.49,42.63,2025-09
2025-09-18,TikTok Ads,171,17052,657,12,625.59,3.85,1.83,0.26,14.25,3.66,2025-09
2025-09-18,Email,100,3385,145,12,1076.42,4.28,8.28,0.69,8.33,10.76,2025-09
2025-09-19,Google Ads,452,15308,183,7,441.8,1.2,3.83,2.47,64.57,0.98,2025-09
2025-09-19,Meta Ads,326,1671,41,0,0.0,2.45,0.0,7.95,,0.0,2025-09
2025-09-19,TikTok Ads,54,1163,34,2,78.39,2.92,5.88,1.59,27.0,1.45,2025-09
2025-09-19,Email,141,9656,578,17,1864.63,5.99,2.94,0.24,8.29,13.22,2025-09
2025-09-20,Google Ads,219,12234,132,4,234.03,1.08,3.03,1.66,54.75,1.07,2025-09
2025-09-20,Meta Ads,366,5795,223,8,709.71,3.85,3.59,1.64,45.75,1.94,2025-09
2025-09-20,TikTok Ads,71,11634,868,13,836.3,7.46,1.5,0.08,5.46,11.78,2025-09
2025-09-20,Email,454,5798,103,2,233.46,1.78,1.94,4.41,227.0,0.51,2025-09
2025-09-21,Google Ads,375,19739,910,9,1290.93,4.61,0.99,0.41,41.67,3.44,2025-09
2025-09-21,Meta Ads,50,11749,764,38,5321.87,6.5,4.97,0.07,1.32,106.44,2025-09
2025-09-21,TikTok Ads,182,6827,518,9,900.1,7.59,1.74,0.35,20.22,4.95,2025-09
2025-09-21,Email,282,5719,356,25,2137.83,6.22,7.02,0.79,11.28,7.58,2025-09
2025-09-22,Google Ads,61,1593,96,2,256.39,6.03,2.08,0.64,30.5,4.2,2025-09
2025-09-22,Meta Ads,395,8394,569,54,6047.95,6.78,9.49,0.69,7.31,15.31,2025-09
2025-09-22,TikTok Ads,95,15056,620,54,2809.5,4.12,8.71,0.15,1.76,29.57,2025-09
2025-09-22,Email,83,11636,772,27,3469.78,6.63,3.5,0.11,3.07,41.8,2025-09
2025-09-23,Google Ads,482,1016,10,0,0.0,0.98,0.0,48.2,,0.0,2025-09
2025-09-23,Meta Ads,127,4191,313,25,1316.96,7.47,7.99,0.41,5.08,10.37,2025-09
2025-09-23,TikTok Ads,267,1392,57,5,319.08,4.09,8.77,4.68,53.4,1.2,2025-09
2025-09-23,Email,350,7272,354,22,1366.27,4.87,6.21,0.99,15.91,3.9,2025-09
2025-09-24,Google Ads,460,17955,499,8,738.44,2.78,1.6,0.92,57.5,1.61,2025-09
2025-09-24,Meta Ads,122,4631,287,19,1104.36,6.2,6.62,0.43,6.42,9.05,2025-09
2025-09-24,TikTok Ads,331,7172,110,7,313.8,1.53,6.36,3.01,47.29,0.95,2025-09
2025-09-24,Email,298,10312,733,49,2197.3,7.11,6.68,0.41,6.08,7.37,2025-09
2025-09-25,Google Ads,96,19663,1336,50,4999.66,6.79,3.74,0.07,1.92,52.08,2025-09
2025-09-25,Meta Ads,170,9906,248,21,2481.59,2.5,8.47,0.69,8.1,14.6,2025-09
2025-09-25,TikTok Ads,263,18159,1210,116,7955.74,6.66,9.59,0.22,2.27,30.25,2025-09
2025-09-25,Email,288,19631,1276,37,1263.85,6.5,2.9,0.23,7.78,4.39,2025-09
2025-09-26,Google Ads,105,17462,947,16,724.27,5.42,1.69,0.11,6.56,6.9,2025-09
2025-09-26,Meta Ads,399,9080,328,9,1257.87,3.61,2.74,1.22,44.33,3.15,2025-09
2025-09-26,TikTok Ads,156,8099,234,19,1695.28,2.89,8.12,0.67,8.21,10.87,2025-09
2025-09-26,Email,368,15916,417,29,2448.43,2.62,6.95,0.88,12.69,6.65,2025-09
2025-09-27,Google Ads,97,8083,261,17,587.62,3.23,6.51,0.37,5.71,6.06,2025-09
2025-09-27,Meta Ads,110,10223,748,34,3992.84,7.32,4.55,0.15,3.24,36.3,2025-09
2025-09-27,TikTok Ads,386,5940,91,5,466.84,1.53,5.49,4.24,77.2,1.21,2025-09
2025-09-27,Email,75,4456,303,11,596.75,6.8,3.63,0.25,6.82,7.96,2025-09
2025-09-28,Google Ads,341,8788,302,15,648.13,3.44,4.97,1.13,22.73,1.9,2025-09
2025-09-28,Meta Ads,306,3711,172,13,988.09,4.63,7.56,1.78,23.54,3.23,2025-09
2025-09-28,TikTok Ads,57,12280,805,79,10306.3,6.56,9.81,0.07,0.72,180.81,2025-09
2025-09-28,Email,162,19052,1369,128,17130.92,7.19,9.35,0.12,1.27,105.75,2025-09
2025-09-29,Google Ads,404,17531,598,56,5731.13,3.41,9.36,0.68,7.21,14.19,2025-09
2025-09-29,Meta Ads,302,13089,554,25,2932.61,4.23,4.51,0.55,12.08,9.71,2025-09
2025-09-29,TikTok Ads,229,11142,434,22,964.01,3.9,5.07,0.53,10.41,4.21,2025-09
2025-09-29,Email,256,17749,193,14,1408.05,1.09,7.25,1.33,18.29,5.5,2025-09
2025-09-30,Google Ads,352,16587,509,47,5171.69,3.07,9.23,0.69,7.49,14.69,2025-09
2025-09-30,Meta Ads,176,10866,457,10,540.86,4.21,2.19,0.39,17.6,3.07,2025-09
2025-09-30,TikTok Ads,105,5531,214,7,949.33,3.87,3.27,0.49,15.0,9.04,2025-09
2025-09-30,Email,263,13686,828,18,961.19,6.05,2.17,0.32,14.61,3.65,2025-09
2025-10-01,Google Ads,63,6330,233,15,1014.26,3.68,6.44,0.27,4.2,16.1,2025-10
2025-10-01,Meta Ads,77,6510,288,10,1044.67,4.42,3.47,0.27,7.7,13.57,2025-10
2025-10-01,TikTok Ads,127,9964,399,15,1599.03,4.0,3.76,0.32,8.47,12.59,2025-10
2025-10-01,Email,265,7493,463,7,797.48,6.18,1.51,0.57,37.86,3.01,2025-10
2025-10-02,Google Ads,435,11759,827,34,1477.01,7.03,4.11,0.53,12.79,3.4,2025-10
2025-10-02,Meta Ads,414,6439,304,26,3430.33,4.72,8.55,1.36,15.92,8.29,2025-10
2025-10-02,TikTok Ads,203,15473,1009,31,2912.19,6.52,3.07,0.2,6.55,14.35,2025-10
2025-10-02,Email,63,10765,331,24,2077.41,3.07,7.25,0.19,2.62,32.97,2025-10
2025-10-03,Google Ads,236,14279,683,45,6647.93,4.78,6.59,0.35,5.24,28.17,2025-10
2025-10-03,Meta Ads,361,7511,256,22,2614.6,3.41,8.59,1.41,16.41,7.24,2025-10
2025-10-03,TikTok Ads,420,12483,486,10,441.61,3.89,2.06,0.86,42.0,1.05,2025-10
2025-10-03,Email,56,18630,1141,111,13407.1,6.12,9.73,0.05,0.5,239.41,2025-10
2025-10-04,Google Ads,52,3376,242,15,621.45,7.17,6.2,0.21,3.47,11.95,2025-10
2025-10-04,Meta Ads,160,12824,237,23,765.82,1.85,9.7,0.68,6.96,4.79,2025-10
2025-10-04,TikTok Ads,456,19211,1045,96,7529.77,5.44,9.19,0.44,4.75,16.51,2025-10
2025-10-04,Email,287,7979,404,12,1790.75,5.06,2.97,0.71,23.92,6.24,2025-10
2025-10-05,Google Ads,412,10832,198,2,101.97,1.83,1.01,2.08,206.0,0.25,2025-10
2025-10-05,Meta Ads,288,13504,335,11,1217.89,2.48,3.28,0.86,26.18,4.23,2025-10
2025-10-05,TikTok Ads,323,7910,251,14,711.31,3.17,5.58,1.29,23.07,2.2,2025-10
2025-10-05,Email,343,15089,327,8,935.8,2.17,2.45,1.05,42.88,2.73,2025-10
2025-10-06,Google Ads,276,3196,86,2,181.28,2.69,2.33,3.21,138.0,0.66,2025-10
2025-10-06,Meta Ads,420,6978,200,10,1115.97,2.87,5.0,2.1,42.0,2.66,2025-10
2025-10-06,TikTok Ads,64,18153,608,7,380.41,3.35,1.15,0.11,9.14,5.94,2025-10
2025-10-06,Email,241,1780,111,2,238.95,6.24,1.8,2.17,120.5,0.99,2025-10
2025-10-07,Google Ads,168,10908,545,25,3736.86,5.0,4.59,0.31,6.72,22.24,2025-10
2025-10-07,Meta Ads,77,7303,577,9,988.9,7.9,1.56,0.13,8.56,12.84,2025-10
2025-10-07,TikTok Ads,251,15686,612,27,2408.88,3.9,4.41,0.41,9.3,9.6,2025-10
2025-10-07,Email,88,4983,312,16,2252.49,6.26,5.13,0.28,5.5,25.6,2025-10
2025-10-08,Google Ads,490,10503,745,37,1180.38,7.09,4.97,0.66,13.24,2.41,2025-10
2025-10-08,Meta Ads,322,17905,1030,90,10583.17,5.75,8.74,0.31,3.58,32.87,2025-10
2025-10-08,TikTok Ads,280,14070,546,31,4236.14,3.88,5.68,0.51,9.03,15.13,2025-10
2025-10-08,Email,135,13232,830,43,1608.24,6.27,5.18,0.16,3.14,11.91,2025-10
2025-10-09,Google Ads,175,5583,135,6,504.05,2.42,4.44,1.3,29.17,2.88,2025-10
2025-10-09,Meta Ads,349,6946,228,19,1036.76,3.28,8.33,1.53,18.37,2.97,2025-10
2025-10-09,TikTok Ads,74,17377,838,75,7348.66,4.82,8.95,0.09,0.99,99.31,2025-10
2025-10-09,Email,194,8128,408,35,3778.08,5.02,8.58,0.48,5.54,19.47,2025-10
2025-10-10,Google Ads,62,12889,148,10,663.15,1.15,6.76,0.42,6.2,10.7,2025-10
2025-10-10,Meta Ads,261,13275,1010,22,1874.35,7.61,2.18,0.26,11.86,7.18,2025-10
2025-10-10,TikTok Ads,74,3461,203,7,444.65,5.87,3.45,0.36,10.57,6.01,2025-10
2025-10-10,Email,117,15291,683,9,668.94,4.47,1.32,0.17,13.0,5.72,2025-10
2025-10-11,Google Ads,443,15036,1132,106,5209.35,7.53,9.36,0.39,4.18,11.76,2025-10
2025-10-11,Meta Ads,116,12435,506,35,4769.35,4.07,6.92,0.23,3.31,41.12,2025-10
2025-10-11,TikTok Ads,282,1685,132,10,312.01,7.83,7.58,2.14,28.2,1.11,2025-10
2025-10-11,Email,158,19544,896,34,4620.23,4.58,3.79,0.18,4.65,29.24,2025-10
2025-10-12,Google Ads,195,13258,238,20,1972.03,1.8,8.4,0.82,9.75,10.11,2025-10
2025-10-12,Meta Ads,160,16990,1079,36,2512.76,6.35,3.34,0.15,4.44,15.7,2025-10
2025-10-12,TikTok Ads,277,17422,1002,10,1167.67,5.75,1.0,0.28,27.7,4.22,2025-10
2025-10-12,Email,160,11736,752,32,2909.77,6.41,4.26,0.21,5.0,18.19,2025-10
2025-10-13,Google Ads,83,5875,450,27,2427.11,7.66,6.0,0.18,3.07,29.24,2025-10
2025-10-13,Meta Ads,160,18640,1199,63,2722.68,6.43,5.25,0.13,2.54,17.02,2025-10
2025-10-13,TikTok Ads,313,12182,643,56,4297.55,5.28,8.71,0.49,5.59,13.73,2025-10
2025-10-13,Email,473,3196,223,4,235.71,6.98,1.79,2.12,118.25,0.5,2025-10
2025-10-14,Google Ads,418,8165,466,27,860.85,5.71,5.79,0.9,15.48,2.06,2025-10
2025-10-14,Meta Ads,285,16997,655,36,2635.63,3.85,5.5,0.44,7.92,9.25,2025-10
2025-10-14,TikTok Ads,132,15215,1095,38,1549.59,7.2,3.47,0.12,3.47,11.74,2025-10
2025-10-14,Email,91,1301,33,2,121.64,2.54,6.06,2.76,45.5,1.34,2025-10
2025-10-15,Google Ads,474,18030,1082,84,3452.57,6.0,7.76,0.44,5.64,7.28,2025-10
2025-10-15,Meta Ads,150,15571,1116,84,3537.49,7.17,7.53,0.13,1.79,23.58,2025-10
2025-10-15,TikTok Ads,55,10951,670,59,3179.0,6.12,8.81,0.08,0.93,57.8,2025-10
2025-10-15,Email,229,11773,692,51,7649.08,5.88,7.37,0.33,4.49,33.4,2025-10
2025-10-16,Google Ads,331,17140,1074,33,998.65,6.27,3.07,0.31,10.03,3.02,2025-10
2025-10-16,Meta Ads,369,14057,598,43,4585.55,4.25,7.19,0.62,8.58,12.43,2025-10
2025-10-16,TikTok Ads,275,13500,961,36,1690.17,7.12,3.75,0.29,7.64,6.15,2025-10
2025-10-16,Email,492,16921,410,13,1826.18,2.42,3.17,1.2,37.85,3.71,2025-10
2025-10-17,Google Ads,489,12870,243,4,164.94,1.89,1.65,2.01,122.25,0.34,2025-10
2025-10-17,Meta Ads,364,5082,152,11,1590.68,2.99,7.24,2.39,33.09,4.37,2025-10
2025-10-17,TikTok Ads,414,14718,694,51,5268.87,4.72,7.35,0.6,8.12,12.73,2025-10
2025-10-17,Email,278,11517,526,16,482.43,4.57,3.04,0.53,17.38,1.74,2025-10
2025-10-18,Google Ads,426,4754,320,24,3294.74,6.73,7.5,1.33,17.75,7.73,2025-10
2025-10-18,Meta Ads,338,2724,104,9,833.45,3.82,8.65,3.25,37.56,2.47,2025-10
2025-10-18,TikTok Ads,486,2376,104,2,123.04,4.38,1.92,4.67,243.0,0.25,2025-10
2025-10-18,Email,199,9706,106,3,366.22,1.09,2.83,1.88,66.33,1.84,2025-10
2025-10-19,Google Ads,326,9894,382,29,4094.8,3.86,7.59,0.85,11.24,12.56,2025-10
2025-10-19,Meta Ads,247,19037,1053,36,3169.54,5.53,3.42,0.23,6.86,12.83,2025-10
2025-10-19,TikTok Ads,119,19450,215,14,950.13,1.11,6.51,0.55,8.5,7.98,2025-10
2025-10-19,Email,161,17406,516,8,997.39,2.96,1.55,0.31,20.12,6.19,2025-10
2025-10-20,Google Ads,53,19844,487,24,2683.54,2.45,4.93,0.11,2.21,50.63,2025-10
2025-10-20,Meta Ads,399,6926,89,6,819.9,1.29,6.74,4.48,66.5,2.05,2025-10
2025-10-20,TikTok Ads,380,7251,315,22,2488.24,4.34,6.98,1.21,17.27,6.55,2025-10
2025-10-20,Email,495,10496,238,19,1125.24,2.27,7.98,2.08,26.05,2.27,2025-10
2025-10-21,Google Ads,367,4300,266,23,3261.38,6.19,8.65,1.38,15.96,8.89,2025-10
2025-10-21,Meta Ads,399,9553,662,52,2214.18,6.93,7.85,0.6,7.67,5.55,2025-10
2025-10-21,TikTok Ads,144,4727,227,15,932.3,4.8,6.61,0.63,9.6,6.47,2025-10
2025-10-21,Email,201,17898,1408,18,1663.62,7.87,1.28,0.14,11.17,8.28,2025-10
2025-10-22,Google Ads,360,17832,740,43,4209.23,4.15,5.81,0.49,8.37,11.69,2025-10
2025-10-22,Meta Ads,186,7019,322,4,127.35,4.59,1.24,0.58,46.5,0.68,2025-10
2025-10-22,TikTok Ads,296,16463,1304,107,13232.55,7.92,8.21,0.23,2.77,44.7,2025-10
2025-10-22,Email,436,11047,289,11,807.32,2.62,3.81,1.51,39.64,1.85,2025-10
2025-10-23,Google Ads,292,12754,969,58,4568.67,7.6,5.99,0.3,5.03,15.65,2025-10
2025-10-23,Meta Ads,80,3520,45,1,127.12,1.28,2.22,1.78,80.0,1.59,2025-10
2025-10-23,TikTok Ads,89,4081,168,13,981.68,4.12,7.74,0.53,6.85,11.03,2025-10
2025-10-23,Email,278,2428,36,3,107.0,1.48,8.33,7.72,92.67,0.38,2025-10
2025-10-24,Google Ads,85,4967,303,13,665.25,6.1,4.29,0.28,6.54,7.83,2025-10
2025-10-24,Meta Ads,457,7445,391,34,4920.08,5.25,8.7,1.17,13.44,10.77,2025-10
2025-10-24,TikTok Ads,272,15566,925,31,1191.91,5.94,3.35,0.29,8.77,4.38,2025-10
2025-10-24,Email,55,15042,544,31,2250.34,3.62,5.7,0.1,1.77,40.92,2025-10
2025-10-25,Google Ads,371,12329,442,38,3434.5,3.59,8.6,0.84,9.76,9.26,2025-10
2025-10-25,Meta Ads,269,3159,41,1,89.19,1.3,2.44,6.56,269.0,0.33,2025-10
2025-10-25,TikTok Ads,124,6132,211,20,609.5,3.44,9.48,0.59,6.2,4.92,2025-10
2025-10-25,Email,53,19931,1495,31,2794.33,7.5,2.07,0.04,1.71,52.72,2025-10
2025-10-26,Google Ads,384,15933,582,6,456.32,3.65,1.03,0.66,64.0,1.19,2025-10
2025-10-26,Meta Ads,183,11473,782,71,10412.12,6.82,9.08,0.23,2.58,56.9,2025-10
2025-10-26,TikTok Ads,167,11805,814,13,638.29,6.9,1.6,0.21,12.85,3.82,2025-10
2025-10-26,Email,418,4083,147,14,1014.98,3.6,9.52,2.84,29.86,2.43,2025-10
2025-10-27,Google Ads,143,18421,999,95,7632.09,5.42,9.51,0.14,1.51,53.37,2025-10
2025-10-27,Meta Ads,484,14944,249,5,384.42,1.67,2.01,1.94,96.8,0.79,2025-10
2025-10-27,TikTok Ads,111,8604,148,8,879.2,1.72,5.41,0.75,13.88,7.92,2025-10
2025-10-27,Email,490,16379,219,5,279.31,1.34,2.28,2.24,98.0,0.57,2025-10
2025-10-28,Google Ads,243,4983,252,12,678.34,5.06,4.76,0.96,20.25,2.79,2025-10
2025-10-28,Meta Ads,384,2778,110,1,117.51,3.96,0.91,3.49,384.0,0.31,2025-10
2025-10-28,TikTok Ads,252,6110,295,8,720.28,4.83,2.71,0.85,31.5,2.86,2025-10
2025-10-28,Email,441,13087,608,25,1995.47,4.65,4.11,0.73,17.64,4.52,2025-10
2025-10-29,Google Ads,75,18508,638,31,1559.44,3.45,4.86,0.12,2.42,20.79,2025-10
2025-10-29,Meta Ads,484,18081,1038,101,5302.83,5.74,9.73,0.47,4.79,10.96,2025-10
2025-10-29,TikTok Ads,222,3179,200,16,500.26,6.29,8.0,1.11,13.88,2.25,2025-10
2025-10-29,Email,349,10596,116,8,327.77,1.09,6.9,3.01,43.62,0.94,2025-10
2025-10-30,Google Ads,182,6251,153,8,774.57,2.45,5.23,1.19,22.75,4.26,2025-10
2025-10-30,Meta Ads,375,10235,613,52,7125.29,5.99,8.48,0.61,7.21,19.0,2025-10
2025-10-30,TikTok Ads,459,19313,715,28,1804.87,3.7,3.92,0.64,16.39,3.93,2025-10
2025-10-30,Email,167,15871,894,65,4506.43,5.63,7.27,0.19,2.57,26.98,2025-10
2025-10-31,Google Ads,373,2013,69,6,263.24,3.43,8.7,5.41,62.17,0.71,2025-10
2025-10-31,Meta Ads,324,17610,657,25,1915.89,3.73,3.81,0.49,12.96,5.91,2025-10
2025-10-31,TikTok Ads,261,2828,59,4,137.87,2.09,6.78,4.42,65.25,0.53,2025-10
2025-10-31,Email,274,8909,250,21,2942.35,2.81,8.4,1.1,13.05,10.74,2025-10
2025-11-01,Google Ads,69,6588,345,31,3433.97,5.24,8.99,0.2,2.23,49.77,2025-11
2025-11-01,Meta Ads,162,14109,568,42,6253.37,4.03,7.39,0.29,3.86,38.6,2025-11
2025-11-01,TikTok Ads,189,3023,194,6,815.63,6.42,3.09,0.97,31.5,4.32,2025-11
2025-11-01,Email,96,15537,1082,42,3643.87,6.96,3.88,0.09,2.29,37.96,2025-11
2025-11-02,Google Ads,50,6891,330,3,277.09,4.79,0.91,0.15,16.67,5.54,2025-11
2025-11-02,Meta Ads,139,2080,131,10,528.69,6.3,7.63,1.06,13.9,3.8,2025-11
2025-11-02,TikTok Ads,191,6036,190,2,170.89,3.15,1.05,1.01,95.5,0.89,2025-11
2025-11-02,Email,369,16379,639,56,7748.35,3.9,8.76,0.58,6.59,21.0,2025-11
2025-11-03,Google Ads,87,11822,708,14,505.43,5.99,1.98,0.12,6.21,5.81,2025-11
2025-11-03,Meta Ads,342,3563,131,3,400.88,3.68,2.29,2.61,114.0,1.17,2025-11
2025-11-03,TikTok Ads,431,4292,219,11,780.05,5.1,5.02,1.97,39.18,1.81,2025-11
2025-11-03,Email,188,4586,105,8,1103.53,2.29,7.62,1.79,23.5,5.87,2025-11
2025-11-04,Google Ads,405,17087,888,19,2715.21,5.2,2.14,0.46,21.32,6.7,2025-11
2025-11-04,Meta Ads,382,17100,1202,59,6519.72,7.03,4.91,0.32,6.47,17.07,2025-11
2025-11-04,TikTok Ads,308,7643,541,28,3072.46,7.08,5.18,0.57,11.0,9.98,2025-11
2025-11-04,Email,210,4959,301,8,674.64,6.07,2.66,0.7,26.25,3.21,2025-11
2025-11-05,Google Ads,439,12005,746,15,1953.97,6.21,2.01,0.59,29.27,4.45,2025-11
2025-11-05,Meta Ads,227,11775,577,49,7124.28,4.9,8.49,0.39,4.63,31.38,2025-11
2025-11-05,TikTok Ads,59,1161,59,3,369.03,5.08,5.08,1.0,19.67,6.25,2025-11
2025-11-05,Email,310,17029,329,3,313.9,1.93,0.91,0.94,103.33,1.01,2025-11
2025-11-06,Google Ads,456,17977,738,60,6168.91,4.11,8.13,0.62,7.6,13.53,2025-11
2025-11-06,Meta Ads,187,15226,632,62,8180.06,4.15,9.81,0.3,3.02,43.74,2025-11
2025-11-06,TikTok Ads,221,12154,937,60,5696.67,7.71,6.4,0.24,3.68,25.78,2025-11
2025-11-06,Email,435,13080,525,29,3667.43,4.01,5.52,0.83,15.0,8.43,2025-11
2025-11-07,Google Ads,62,4390,212,18,1639.19,4.83,8.49,0.29,3.44,26.44,2025-11
2025-11-07,Meta Ads,217,6997,331,31,1162.29,4.73,9.37,0.66,7.0,5.36,2025-11
2025-11-07,TikTok Ads,179,13693,747,58,4412.27,5.46,7.76,0.24,3.09,24.65,2025-11
2025-11-07,Email,133,18047,1125,56,4666.64,6.23,4.98,0.12,2.38,35.09,2025-11
2025-11-08,Google Ads,370,10324,265,16,751.91,2.57,6.04,1.4,23.12,2.03,2025-11
2025-11-08,Meta Ads,368,1541,72,5,211.5,4.67,6.94,5.11,73.6,0.57,2025-11
2025-11-08,TikTok Ads,150,6093,413,11,1036.81,6.78,2.66,0.36,13.64,6.91,2025-11
2025-11-08,Email,378,14428,612,30,1206.52,4.24,4.9,0.62,12.6,3.19,2025-11
2025-11-09,Google Ads,322,12166,358,30,1990.6,2.94,8.38,0.9,10.73,6.18,2025-11
2025-11-09,Meta Ads,314,18251,1018,70,8354.61,5.58,6.88,0.31,4.49,26.61,2025-11
2025-11-09,TikTok Ads,448,17063,1154,54,7869.52,6.76,4.68,0.39,8.3,17.57,2025-11
2025-11-09,Email,457,11258,162,11,1277.59,1.44,6.79,2.82,41.55,2.8,2025-11
2025-11-10,Google Ads,87,17044,1097,22,3280.53,6.44,2.01,0.08,3.95,37.71,2025-11
2025-11-10,Meta Ads,468,6469,436,20,2276.01,6.74,4.59,1.07,23.4,4.86,2025-11
2025-11-10,TikTok Ads,143,7256,306,24,1566.13,4.22,7.84,0.47,5.96,10.95,2025-11
2025-11-10,Email,144,11720,923,27,2987.45,7.88,2.93,0.16,5.33,20.75,2025-11
2025-11-11,Google Ads,354,2169,141,3,342.78,6.5,2.13,2.51,118.0,0.97,2025-11
2025-11-11,Meta Ads,118,1830,117,11,820.68,6.39,9.4,1.01,10.73,6.95,2025-11
2025-11-11,TikTok Ads,367,2651,165,4,128.5,6.22,2.42,2.22,91.75,0.35,2025-11
2025-11-11,Email,493,18520,380,12,1372.61,2.05,3.16,1.3,41.08,2.78,2025-11
2025-11-12,Google Ads,285,10518,265,25,815.1,2.52,9.43,1.08,11.4,2.86,2025-11
2025-11-12,Meta Ads,483,14258,605,46,4864.16,4.24,7.6,0.8,10.5,10.07,2025-11
2025-11-12,TikTok Ads,383,17184,489,35,1737.19,2.85,7.16,0.78,10.94,4.54,2025-11
2025-11-12,Email,422,2019,78,6,587.23,3.86,7.69,5.41,70.33,1.39,2025-11
2025-11-13,Google Ads,425,11028,796,16,1447.51,7.22,2.01,0.53,26.56,3.41,2025-11
2025-11-13,Meta Ads,186,13448,910,66,2087.03,6.77,7.25,0.2,2.82,11.22,2025-11
2025-11-13,TikTok Ads,467,13485,729,40,2941.76,5.41,5.49,0.64,11.68,6.3,2025-11
2025-11-13,Email,125,2283,159,13,1327.7,6.96,8.18,0.79,9.62,10.62,2025-11
2025-11-14,Google Ads,84,18043,1170,65,8569.13,6.48,5.56,0.07,1.29,102.01,2025-11
2025-11-14,Meta Ads,50,19394,776,51,6968.49,4.0,6.57,0.06,0.98,139.37,2025-11
2025-11-14,TikTok Ads,345,2733,65,3,264.19,2.38,4.62,5.31,115.0,0.77,2025-11
2025-11-14,Email,369,19509,897,47,5518.3,4.6,5.24,0.41,7.85,14.95,2025-11
2025-11-15,Google Ads,455,19555,1203,95,6457.58,6.15,7.9,0.38,4.79,14.19,2025-11
2025-11-15,Meta Ads,109,17230,698,46,3268.87,4.05,6.59,0.16,2.37,29.99,2025-11
2025-11-15,TikTok Ads,369,15472,876,58,3093.47,5.66,6.62,0.42,6.36,8.38,2025-11
2025-11-15,Email,398,13889,230,11,1071.77,1.66,4.78,1.73,36.18,2.69,2025-11
2025-11-16,Google Ads,377,4471,278,16,1083.96,6.22,5.76,1.36,23.56,2.88,2025-11
2025-11-16,Meta Ads,316,10028,670,51,2046.35,6.68,7.61,0.47,6.2,6.48,2025-11
2025-11-16,TikTok Ads,410,9329,554,46,5161.23,5.94,8.3,0.74,8.91,12.59,2025-11
2025-11-16,Email,278,3097,240,17,1953.82,7.75,7.08,1.16,16.35,7.03,2025-11
2025-11-17,Google Ads,319,15082,1023,95,6953.91,6.78,9.29,0.31,3.36,21.8,2025-11
2025-11-17,Meta Ads,365,14930,1093,91,3567.82,7.32,8.33,0.33,4.01,9.77,2025-11
2025-11-17,TikTok Ads,335,11077,834,50,4057.79,7.53,6.0,0.4,6.7,12.11,2025-11
2025-11-17,Email,340,7397,488,34,2824.73,6.6,6.97,0.7,10.0,8.31,2025-11
2025-11-18,Google Ads,262,3757,214,19,2094.57,5.7,8.88,1.22,13.79,7.99,2025-11
2025-11-18,Meta Ads,214,19284,200,13,882.05,1.04,6.5,1.07,16.46,4.12,2025-11
2025-11-18,TikTok Ads,54,19994,851,71,7945.75,4.26,8.34,0.06,0.76,147.14,2025-11
2025-11-18,Email,388,18833,941,67,9016.77,5.0,7.12,0.41,5.79,23.24,2025-11
2025-11-19,Google Ads,428,6017,188,11,643.48,3.12,5.85,2.28,38.91,1.5,2025-11
2025-11-19,Meta Ads,127,17370,560,17,2507.0,3.22,3.04,0.23,7.47,19.74,2025-11
2025-11-19,TikTok Ads,459,8999,695,33,2520.02,7.72,4.75,0.66,13.91,5.49,2025-11
2025-11-19,Email,111,11195,810,78,4841.54,7.24,9.63,0.14,1.42,43.62,2025-11
2025-11-20,Google Ads,181,3096,214,14,1128.14,6.91,6.54,0.85,12.93,6.23,2025-11
2025-11-20,Meta Ads,138,16433,631,38,1570.45,3.84,6.02,0.22,3.63,11.38,2025-11
2025-11-20,TikTok Ads,286,11595,127,11,495.93,1.1,8.66,2.25,26.0,1.73,2025-11
2025-11-20,Email,91,16941,264,16,1275.71,1.56,6.06,0.34,5.69,14.02,2025-11
2025-11-21,Google Ads,138,16078,512,29,3523.31,3.18,5.66,0.27,4.76,25.53,2025-11
2025-11-21,Meta Ads,451,6105,67,5,690.19,1.1,7.46,6.73,90.2,1.53,2025-11
2025-11-21,TikTok Ads,345,3839,42,3,329.33,1.09,7.14,8.21,115.0,0.95,2025-11
2025-11-21,Email,377,4384,325,8,341.01,7.41,2.46,1.16,47.12,0.9,2025-11
2025-11-22,Google Ads,344,11851,704,36,3983.13,5.94,5.11,0.49,9.56,11.58,2025-11
2025-11-22,Meta Ads,153,11053,349,18,1912.52,3.16,5.16,0.44,8.5,12.5,2025-11
2025-11-22,TikTok Ads,63,14493,279,12,1520.3,1.93,4.3,0.23,5.25,24.13,2025-11
2025-11-22,Email,337,18069,827,46,5935.37,4.58,5.56,0.41,7.33,17.61,2025-11
2025-11-23,Google Ads,228,15139,157,7,939.29,1.04,4.46,1.45,32.57,4.12,2025-11
2025-11-23,Meta Ads,174,8531,645,18,1434.52,7.56,2.79,0.27,9.67,8.24,2025-11
2025-11-23,TikTok Ads,471,5283,206,9,1023.69,3.9,4.37,2.29,52.33,2.17,2025-11
2025-11-23,Email,402,8736,333,5,310.95,3.81,1.5,1.21,80.4,0.77,2025-11
2025-11-24,Google Ads,72,8710,325,20,2998.41,3.73,6.15,0.22,3.6,41.64,2025-11
2025-11-24,Meta Ads,112,2619,38,3,153.12,1.45,7.89,2.95,37.33,1.37,2025-11
2025-11-24,TikTok Ads,192,14975,818,61,1904.04,5.46,7.46,0.23,3.15,9.92,2025-11
2025-11-24,Email,202,13835,848,35,1675.0,6.13,4.13,0.24,5.77,8.29,2025-11
2025-11-25,Google Ads,194,16261,932,16,1969.67,5.73,1.72,0.21,12.12,10.15,2025-11
2025-11-25,Meta Ads,274,2431,47,1,83.61,1.93,2.13,5.83,274.0,0.31,2025-11
2025-11-25,TikTok Ads,499,10067,508,30,2511.0,5.05,5.91,0.98,16.63,5.03,2025-11
2025-11-25,Email,358,5713,284,8,1156.82,4.97,2.82,1.26,44.75,3.23,2025-11
2025-11-26,Google Ads,153,10557,747,44,6175.67,7.08,5.89,0.2,3.48,40.36,2025-11
2025-11-26,Meta Ads,153,10435,381,11,740.78,3.65,2.89,0.4,13.91,4.84,2025-11
2025-11-26,TikTok Ads,484,5998,215,18,991.57,3.58,8.37,2.25,26.89,2.05,2025-11
2025-11-26,Email,88,1162,61,2,263.64,5.25,3.28,1.44,44.0,3.0,2025-11
2025-11-27,Google Ads,484,2974,161,5,693.61,5.41,3.11,3.01,96.8,1.43,2025-11
2025-11-27,Meta Ads,247,9461,405,33,3134.72,4.28,8.15,0.61,7.48,12.69,2025-11
2025-11-27,TikTok Ads,183,18015,738,30,3165.93,4.1,4.07,0.25,6.1,17.3,2025-11
2025-11-27,Email,116,18289,815,16,973.28,4.46,1.96,0.14,7.25,8.39,2025-11
2025-11-28,Google Ads,440,3014,211,12,1513.16,7.0,5.69,2.09,36.67,3.44,2025-11
2025-11-28,Meta Ads,228,10833,458,28,2963.93,4.23,6.11,0.5,8.14,13.0,2025-11
2025-11-28,TikTok Ads,91,8896,674,50,4521.08,7.58,7.42,0.14,1.82,49.68,2025-11
2025-11-28,Email,497,1204,54,1,37.21,4.49,1.85,9.2,497.0,0.07,2025-11
2025-11-29,Google Ads,64,17965,1373,68,9514.03,7.64,4.95,0.05,0.94,148.66,2025-11
2025-11-29,Meta Ads,160,10032,685,24,2492.5,6.83,3.5,0.23,6.67,15.58,2025-11
2025-11-29,TikTok Ads,206,6347,224,3,159.37,3.53,1.34,0.92,68.67,0.77,2025-11
2025-11-29,Email,338,3643,256,22,2260.86,7.03,8.59,1.32,15.36,6.69,2025-11
2025-11-30,Google Ads,280,9017,159,12,1335.55,1.76,7.55,1.76,23.33,4.77,2025-11
2025-11-30,Meta Ads,460,19681,1471,54,5026.99,7.47,3.67,0.31,8.52,10.93,2025-11
2025-11-30,TikTok Ads,469,18258,989,63,7318.85,5.42,6.37,0.47,7.44,15.61,2025-11
2025-11-30,Email,206,6560,90,2,199.55,1.37,2.22,2.29,103.0,0.97,2025-11
2025-12-01,Google Ads,87,16892,930,83,11929.79,5.51,8.92,0.09,1.05,137.12,2025-12
2025-12-01,Meta Ads,490,15531,1214,24,874.65,7.82,1.98,0.4,20.42,1.78,2025-12
2025-12-01,TikTok Ads,146,18073,269,2,85.5,1.49,0.74,0.54,73.0,0.59,2025-12
2025-12-01,Email,460,5000,244,13,660.93,4.88,5.33,1.89,35.38,1.44,2025-12
2025-12-02,Google Ads,488,15289,953,59,6656.41,6.23,6.19,0.51,8.27,13.64,2025-12
2025-12-02,Meta Ads,338,18055,1204,74,7952.89,6.67,6.15,0.28,4.57,23.53,2025-12
2025-12-02,TikTok Ads,303,8927,347,5,685.24,3.89,1.44,0.87,60.6,2.26,2025-12
2025-12-02,Email,245,16562,402,15,1769.18,2.43,3.73,0.61,16.33,7.22,2025-12
2025-12-03,Google Ads,135,2171,28,1,91.0,1.29,3.57,4.82,135.0,0.67,2025-12
2025-12-03,Meta Ads,371,12918,653,19,2831.38,5.05,2.91,0.57,19.53,7.63,2025-12
2025-12-03,TikTok Ads,59,10135,422,37,2291.52,4.16,8.77,0.14,1.59,38.84,2025-12
2025-12-03,Email,54,7342,561,10,1299.83,7.64,1.78,0.1,5.4,24.07,2025-12
2025-12-04,Google Ads,172,18833,268,14,1137.01,1.42,5.22,0.64,12.29,6.61,2025-12
2025-12-04,Meta Ads,379,12929,749,54,5823.8,5.79,7.21,0.51,7.02,15.37,2025-12
2025-12-04,TikTok Ads,402,3539,41,1,117.27,1.16,2.44,9.8,402.0,0.29,2025-12
2025-12-04,Email,167,4959,109,7,742.35,2.2,6.42,1.53,23.86,4.45,2025-12
2025-12-05,Google Ads,343,14183,592,50,2343.04,4.17,8.45,0.58,6.86,6.83,2025-12
2025-12-05,Meta Ads,446,6432,269,7,582.08,4.18,2.6,1.66,63.71,1.31,2025-12
2025-12-05,TikTok Ads,208,19745,1145,105,10224.12,5.8,9.17,0.18,1.98,49.15,2025-12
2025-12-05,Email,352,2753,202,12,1582.62,7.34,5.94,1.74,29.33,4.5,2025-12
2025-12-06,Google Ads,277,19322,1057,39,3246.26,5.47,3.69,0.26,7.1,11.72,2025-12
2025-12-06,Meta Ads,414,11123,853,41,5750.24,7.67,4.81,0.49,10.1,13.89,2025-12
2025-12-06,TikTok Ads,265,17376,1246,47,3893.71,7.17,3.77,0.21,5.64,14.69,2025-12
2025-12-06,Email,485,7588,386,29,2779.75,5.09,7.51,1.26,16.72,5.73,2025-12
2025-12-07,Google Ads,233,7304,499,40,5022.17,6.83,8.02,0.47,5.82,21.55,2025-12
2025-12-07,Meta Ads,64,8345,458,38,3798.79,5.49,8.3,0.14,1.68,59.36,2025-12
2025-12-07,TikTok Ads,206,16352,253,24,3485.43,1.55,9.49,0.81,8.58,16.92,2025-12
2025-12-07,Email,185,1597,98,7,764.68,6.14,7.14,1.89,26.43,4.13,2025-12
2025-12-08,Google Ads,310,3336,55,3,278.18,1.65,5.45,5.64,103.33,0.9,2025-12
2025-12-08,Meta Ads,206,10879,561,22,722.28,5.16,3.92,0.37,9.36,3.51,2025-12
2025-12-08,TikTok Ads,96,1572,93,5,398.24,5.92,5.38,1.03,19.2,4.15,2025-12
2025-12-08,Email,373,8521,124,1,65.91,1.46,0.81,3.01,373.0,0.18,2025-12
2025-12-09,Google Ads,381,7171,187,14,1676.82,2.61,7.49,2.04,27.21,4.4,2025-12
2025-12-09,Meta Ads,222,19474,1442,72,3959.52,7.4,4.99,0.15,3.08,17.84,2025-12
2025-12-09,TikTok Ads,179,14992,796,9,491.64,5.31,1.13,0.22,19.89,2.75,2025-12
2025-12-09,Email,460,12861,350,5,263.71,2.72,1.43,1.31,92.0,0.57,2025-12
2025-12-10,Google Ads,144,13464,785,35,1577.59,5.83,4.46,0.18,4.11,10.96,2025-12
2025-12-10,Meta Ads,164,2633,136,8,538.57,5.17,5.88,1.21,20.5,3.28,2025-12
2025-12-10,TikTok Ads,292,18901,852,44,5997.67,4.51,5.16,0.34,6.64,20.54,2025-12
2025-12-10,Email,469,13485,1056,69,8486.41,7.83,6.53,0.44,6.8,18.09,2025-12
2025-12-11,Google Ads,341,11849,685,36,4256.29,5.78,5.26,0.5,9.47,12.48,2025-12
2025-12-11,Meta Ads,331,4648,168,11,1382.48,3.61,6.55,1.97,30.09,4.18,2025-12
2025-12-11,TikTok Ads,348,16177,1067,31,1932.23,6.6,2.91,0.33,11.23,5.55,2025-12
2025-12-11,Email,332,14140,1016,20,2729.86,7.19,1.97,0.33,16.6,8.22,2025-12
2025-12-12,Google Ads,118,18921,355,22,1022.48,1.88,6.2,0.33,5.36,8.67,2025-12
2025-12-12,Meta Ads,197,15357,369,19,1336.87,2.4,5.15,0.53,10.37,6.79,2025-12
2025-12-12,TikTok Ads,60,14368,361,4,401.64,2.51,1.11,0.17,15.0,6.69,2025-12
2025-12-12,Email,303,4137,241,10,423.49,5.83,4.15,1.26,30.3,1.4,2025-12
2025-12-13,Google Ads,379,1097,57,1,117.62,5.2,1.75,6.65,379.0,0.31,2025-12
2025-12-13,Meta Ads,409,12407,661,38,2905.84,5.33,5.75,0.62,10.76,7.1,2025-12
2025-12-13,TikTok Ads,87,13722,1040,47,5834.05,7.58,4.52,0.08,1.85,67.06,2025-12
2025-12-13,Email,183,13924,895,58,5170.56,6.43,6.48,0.2,3.16,28.25,2025-12
2025-12-14,Google Ads,249,4750,90,7,361.93,1.89,7.78,2.77,35.57,1.45,2025-12
2025-12-14,Meta Ads,72,9535,327,12,1418.06,3.43,3.67,0.22,6.0,19.7,2025-12
2025-12-14,TikTok Ads,352,5666,229,22,1325.66,4.04,9.61,1.54,16.0,3.77,2025-12
2025-12-14,Email,395,17009,641,37,3289.2,3.77,5.77,0.62,10.68,8.33,2025-12
2025-12-15,Google Ads,351,17994,1022,67,2617.29,5.68,6.56,0.34,5.24,7.46,2025-12
2025-12-15,Meta Ads,412,2727,197,14,1458.02,7.22,7.11,2.09,29.43,3.54,2025-12
2025-12-15,TikTok Ads,445,2854,89,6,659.42,3.12,6.74,5.0,74.17,1.48,2025-12
2025-12-15,Email,267,11800,573,32,2414.11,4.86,5.58,0.47,8.34,9.04,2025-12
2025-12-16,Google Ads,190,6055,395,19,2746.08,6.52,4.81,0.48,10.0,14.45,2025-12
2025-12-16,Meta Ads,153,11271,441,6,809.4,3.91,1.36,0.35,25.5,5.29,2025-12
2025-12-16,TikTok Ads,495,19708,429,5,574.76,2.18,1.17,1.15,99.0,1.16,2025-12
2025-12-16,Email,259,13819,597,25,2890.96,4.32,4.19,0.43,10.36,11.16,2025-12
2025-12-17,Google Ads,160,10369,143,5,301.44,1.38,3.5,1.12,32.0,1.88,2025-12
2025-12-17,Meta Ads,153,10283,781,35,3808.62,7.6,4.48,0.2,4.37,24.89,2025-12
2025-12-17,TikTok Ads,365,14171,215,4,215.14,1.52,1.86,1.7,91.25,0.59,2025-12
2025-12-17,Email,220,6774,275,21,992.89,4.06,7.64,0.8,10.48,4.51,2025-12
2025-12-18,Google Ads,405,7519,354,30,4498.08,4.71,8.47,1.14,13.5,11.11,2025-12
2025-12-18,Meta Ads,373,11983,946,89,9316.97,7.89,9.41,0.39,4.19,24.98,2025-12
2025-12-18,TikTok Ads,182,19133,413,22,1797.81,2.16,5.33,0.44,8.27,9.88,2025-12
2025-12-18,Email,425,15939,287,20,1291.59,1.8,6.97,1.48,21.25,3.04,2025-12
2025-12-19,Google Ads,342,1781,18,1,102.47,1.01,5.56,19.0,342.0,0.3,2025-12
2025-12-19,Meta Ads,377,17282,361,17,611.17,2.09,4.71,1.04,22.18,1.62,2025-12
2025-12-19,TikTok Ads,176,7823,191,7,289.53,2.44,3.66,0.92,25.14,1.65,2025-12
2025-12-19,Email,155,19489,1055,99,3360.34,5.41,9.38,0.15,1.57,21.68,2025-12
2025-12-20,Google Ads,141,8193,207,11,988.9,2.53,5.31,0.68,12.82,7.01,2025-12
2025-12-20,Meta Ads,336,3113,35,1,102.07,1.12,2.86,9.6,336.0,0.3,2025-12
2025-12-20,TikTok Ads,427,17280,1172,30,1124.93,6.78,2.56,0.36,14.23,2.63,2025-12
2025-12-20,Email,442,14565,518,10,1165.47,3.56,1.93,0.85,44.2,2.64,2025-12
2025-12-21,Google Ads,100,11183,388,33,1902.36,3.47,8.51,0.26,3.03,19.02,2025-12
2025-12-21,Meta Ads,78,18961,591,38,4264.52,3.12,6.43,0.13,2.05,54.67,2025-12
2025-12-21,TikTok Ads,345,10203,798,31,4582.66,7.82,3.88,0.43,11.13,13.28,2025-12
2025-12-21,Email,346,19658,430,11,1242.26,2.19,2.56,0.8,31.45,3.59,2025-12
2025-12-22,Google Ads,263,16795,1223,73,9926.77,7.28,5.97,0.22,3.6,37.74,2025-12
2025-12-22,Meta Ads,316,19810,1275,79,11358.92,6.44,6.2,0.25,4.0,35.95,2025-12
2025-12-22,TikTok Ads,456,14489,222,6,530.46,1.53,2.7,2.05,76.0,1.16,2025-12
2025-12-22,Email,306,6546,517,44,5028.28,7.9,8.51,0.59,6.95,16.43,2025-12
2025-12-23,Google Ads,351,7852,227,3,396.71,2.89,1.32,1.55,117.0,1.13,2025-12
2025-12-23,Meta Ads,150,3551,60,2,145.59,1.69,3.33,2.5,75.0,0.97,2025-12
2025-12-23,TikTok Ads,454,7411,504,35,2147.87,6.8,6.94,0.9,12.97,4.73,2025-12
2025-12-23,Email,395,17391,1034,35,5025.71,5.95,3.38,0.38,11.29,12.72,2025-12
2025-12-24,Google Ads,159,19939,1060,89,10426.92,5.32,8.4,0.15,1.79,65.58,2025-12
2025-12-24,Meta Ads,469,1475,30,2,112.72,2.03,6.67,15.63,234.5,0.24,2025-12
2025-12-24,TikTok Ads,231,11403,495,40,3355.6,4.34,8.08,0.47,5.78,14.53,2025-12
2025-12-24,Email,362,8239,532,11,1381.32,6.46,2.07,0.68,32.91,3.82,2025-12
2025-12-25,Google Ads,50,7710,240,5,478.24,3.11,2.08,0.21,10.0,9.56,2025-12
2025-12-25,Meta Ads,368,9078,288,10,1079.94,3.17,3.47,1.28,36.8,2.93,2025-12
2025-12-25,TikTok Ads,487,3285,33,1,120.45,1.0,3.03,14.76,487.0,0.25,2025-12
2025-12-25,Email,104,6223,138,10,1046.41,2.22,7.25,0.75,10.4,10.06,2025-12
2025-12-26,Google Ads,420,14521,1035,88,8343.24,7.13,8.5,0.41,4.77,19.86,2025-12
2025-12-26,Meta Ads,473,15889,650,47,5637.82,4.09,7.23,0.73,10.06,11.92,2025-12
2025-12-26,TikTok Ads,448,7971,628,58,6803.84,7.88,9.24,0.71,7.72,15.19,2025-12
2025-12-26,Email,198,12531,472,36,3801.05,3.77,7.63,0.42,5.5,19.2,2025-12
2025-12-27,Google Ads,480,15721,944,35,2561.12,6.0,3.71,0.51,13.71,5.34,2025-12
2025-12-27,Meta Ads,358,5943,176,5,393.49,2.96,2.84,2.03,71.6,1.1,2025-12
2025-12-27,TikTok Ads,186,7530,267,19,2782.6,3.55,7.12,0.7,9.79,14.96,2025-12
2025-12-27,Email,251,12116,282,7,304.4,2.33,2.48,0.89,35.86,1.21,2025-12
2025-12-28,Google Ads,485,1258,43,0,0.0,3.42,0.0,11.28,,0.0,2025-12
2025-12-28,Meta Ads,362,1282,61,3,267.26,4.76,4.92,5.93,120.67,0.74,2025-12
2025-12-28,TikTok Ads,166,14937,1186,99,12910.35,7.94,8.35,0.14,1.68,77.77,2025-12
2025-12-28,Email,203,2898,163,3,148.92,5.62,1.84,1.25,67.67,0.73,2025-12
2025-12-29,Google Ads,474,5135,122,9,569.11,2.38,7.38,3.89,52.67,1.2,2025-12
2025-12-29,Meta Ads,340,7629,100,8,303.17,1.31,8.0,3.4,42.5,0.89,2025-12
2025-12-29,TikTok Ads,112,12168,229,12,1376.62,1.88,5.24,0.49,9.33,12.29,2025-12
2025-12-29,Email,293,1612,79,1,58.59,4.9,1.27,3.71,293.0,0.2,2025-12
2025-12-30,Google Ads,74,15203,966,24,1839.38,6.35,2.48,0.08,3.08,24.86,2025-12
2025-12-30,Meta Ads,139,18071,1370,100,8324.42,7.58,7.3,0.1,1.39,59.89,2025-12
2025-12-30,TikTok Ads,124,3307,36,2,273.92,1.09,5.56,3.44,62.0,2.21,2025-12
2025-12-30,Email,343,8133,378,34,2698.23,4.65,8.99,0.91,10.09,7.87,2025-12
2025-12-31,Google Ads,435,12205,524,32,1517.66,4.29,6.11,0.83,13.59,3.49,2025-12
2025-12-31,Meta Ads,440,6906,386,8,743.34,5.59,2.07,1.14,55.0,1.69,2025-12
2025-12-31,TikTok Ads,259,3591,176,3,436.66,4.9,1.7,1.47,86.33,1.69,2025-12
2025-12-31,Email,467,16149,938,70,7204.56,5.81,7.46,0.5,6.67,15.43,2025-12
